Candidate_ID,Sparta_Day_ID,Psychometrics,Presentation
12257,1,57/100,16/32
11525,2,60/100,20/32
11882,3,60/100,23/32
14596,4,48/100,17/32
11673,5,61/100,23/32
10566,6,57/100,16/32
10916,7,54/100,15/32
11626,8,56/100,18/32
12726,9,56/100,18/32
14891,10,52/100,12/32
11758,11,58/100,18/32
10518,12,64/100,26/32
13249,13,60/100,16/32
14050,14,65/100,13/32
11708,5,51/100,22/32
12318,15,62/100,19/32
11671,16,56/100,25/32
14783,17,36/100,22/32
10412,18,60/100,18/32
14829,9,48/100,14/32
11048,19,56/100,15/32
11034,20,68/100,19/32
13692,21,47/100,13/32
11516,22,53/100,20/32
10710,7,58/100,24/32
10228,23,53/100,24/32
11032,24,53/100,20/32
12885,10,59/100,22/32
13317,25,52/100,22/32
10531,26,60/100,24/32
12549,27,56/100,21/32
12185,28,51/100,20/32
12546,29,55/100,20/32
12519,27,56/100,15/32
14316,30,51/100,13/32
12622,31,56/100,21/32
14765,32,43/100,20/32
12839,33,52/100,21/32
12656,34,56/100,16/32
10548,35,59/100,18/32
13153,36,51/100,21/32
10505,37,57/100,27/32
11406,38,50/100,20/32
14135,39,49/100,21/32
12108,40,60/100,24/32
10696,41,54/100,20/32
14492,42,45/100,22/32
14769,43,52/100,12/32
12262,28,61/100,22/32
11628,44,58/100,21/32
11226,45,60/100,19/32
12597,46,50/100,21/32
12187,47,54/100,29/32
10924,48,58/100,23/32
11604,38,56/100,23/32
11218,49,63/100,17/32
12404,50,62/100,18/32
11437,51,57/100,23/32
11740,52,53/100,21/32
10382,26,58/100,24/32
12398,53,63/100,21/32
11449,38,50/100,22/32
14618,54,40/100,23/32
10515,26,59/100,21/32
13269,55,55/100,21/32
13154,56,60/100,17/32
12970,57,69/100,15/32
14161,48,48/100,21/32
12620,9,60/100,25/32
11653,58,58/100,19/32
12014,59,59/100,20/32
11832,5,55/100,25/32
10676,60,54/100,20/32
11108,20,61/100,19/32
10408,26,58/100,18/32
12753,61,55/100,21/32
12082,62,51/100,22/32
14227,63,38/100,21/32
14137,64,44/100,19/32
11826,58,56/100,22/32
11996,59,61/100,27/32
12906,65,53/100,21/32
10331,26,59/100,24/32
14378,3,47/100,19/32
12431,54,60/100,26/32
11833,66,60/100,21/32
10760,48,58/100,23/32
10666,48,57/100,25/32
12550,50,59/100,25/32
12535,29,66/100,19/32
11955,30,53/100,30/32
10958,19,59/100,21/32
12314,28,61/100,21/32
12560,67,57/100,18/32
14029,68,68/100,13/32
11924,69,59/100,21/32
10688,60,52/100,25/32
14800,43,44/100,17/32
13192,13,59/100,19/32
12538,29,52/100,16/32
12689,70,50/100,18/32
11225,71,60/100,19/32
13213,25,67/100,26/32
10243,72,54/100,24/32
12156,73,55/100,22/32
10345,18,54/100,18/32
10195,74,50/100,24/32
14042,6,59/100,13/32
13277,36,52/100,23/32
12908,75,61/100,21/32
11502,2,51/100,24/32
13533,76,37/100,19/32
11995,69,60/100,18/32
12996,77,53/100,21/32
12857,65,55/100,23/32
13743,78,49/100,17/32
14774,34,47/100,22/32
11561,79,57/100,16/32
11305,80,52/100,20/32
14538,81,46/100,22/32
14056,39,58/100,13/32
13504,23,45/100,18/32
11861,82,53/100,23/32
14687,83,67/100,14/32
13900,84,49/100,22/32
11781,52,59/100,19/32
14639,50,51/100,14/32
11280,85,55/100,23/32
12677,34,57/100,19/32
14136,68,47/100,20/32
12198,28,52/100,20/32
12182,15,63/100,18/32
13726,71,46/100,23/32
11603,86,56/100,20/32
14815,87,47/100,21/32
14463,88,49/100,15/32
11235,85,55/100,21/32
13167,89,54/100,17/32
11544,90,55/100,20/32
14399,62,42/100,19/32
14766,31,47/100,20/32
10108,91,51/100,15/32
14758,46,45/100,26/32
11645,44,57/100,26/32
12276,15,56/100,19/32
11000,7,55/100,20/32
10397,92,53/100,18/32
12301,93,58/100,24/32
14264,24,52/100,14/32
10511,35,59/100,22/32
10251,94,56/100,20/32
13799,95,47/100,17/32
14100,12,45/100,22/32
11774,96,58/100,17/32
11791,97,62/100,21/32
12083,98,56/100,19/32
10506,68,64/100,22/32
13141,99,55/100,20/32
11842,58,55/100,22/32
11274,78,67/100,21/32
11286,100,57/100,18/32
10140,91,55/100,18/32
12360,101,63/100,24/32
11104,63,59/100,16/32
10560,102,55/100,23/32
11638,51,61/100,15/32
11662,52,54/100,22/32
14139,64,47/100,20/32
12762,17,60/100,24/32
13874,44,48/100,21/32
11663,66,70/100,19/32
12007,3,59/100,17/32
11489,51,54/100,19/32
11680,82,55/100,21/32
11537,95,60/100,25/32
13810,103,42/100,19/32
12065,3,54/100,25/32
11418,95,53/100,17/32
10029,104,55/100,16/32
13765,103,44/100,20/32
10273,94,66/100,23/32
13200,105,51/100,21/32
12462,27,59/100,15/32
12497,29,54/100,17/32
13336,55,54/100,18/32
10551,18,53/100,18/32
14564,106,49/100,19/32
12780,70,54/100,20/32
11138,107,58/100,15/32
11336,100,56/100,22/32
12886,108,59/100,21/32
10321,6,59/100,21/32
12539,27,53/100,16/32
14786,87,43/100,16/32
11738,109,56/100,23/32
10906,19,56/100,20/32
12759,110,62/100,15/32
12073,111,50/100,20/32
13266,112,60/100,19/32
10472,113,51/100,26/32
11379,78,65/100,19/32
10487,12,58/100,18/32
13577,114,46/100,17/32
12818,34,57/100,20/32
14802,17,46/100,19/32
11174,63,51/100,19/32
14877,115,42/100,20/32
11595,79,50/100,19/32
10306,12,50/100,18/32
14112,113,48/100,24/32
13222,116,68/100,22/32
13566,104,62/100,13/32
11990,59,62/100,15/32
14080,6,47/100,16/32
12573,106,52/100,21/32
11778,16,62/100,17/32
11659,117,52/100,16/32
13187,25,53/100,18/32
12910,108,58/100,19/32
10577,18,52/100,25/32
12131,15,51/100,23/32
11487,118,61/100,18/32
10392,64,55/100,25/32
11641,95,65/100,15/32
12872,77,57/100,16/32
10316,18,55/100,21/32
10956,7,60/100,21/32
13869,103,44/100,17/32
13883,119,48/100,24/32
11419,103,54/100,17/32
10041,72,61/100,27/32
12948,77,58/100,19/32
10465,26,61/100,19/32
10136,120,56/100,23/32
12174,88,69/100,22/32
10458,113,53/100,17/32
11923,121,58/100,23/32
13571,122,47/100,16/32
14452,123,42/100,15/32
14897,124,41/100,21/32
12226,123,64/100,20/32
12068,111,62/100,25/32
11896,3,62/100,24/32
14899,125,42/100,22/32
13097,126,53/100,25/32
13673,85,57/100,12/32
13596,104,45/100,20/32
13084,127,60/100,25/32
10471,35,53/100,24/32
12785,9,61/100,16/32
13170,89,51/100,23/32
10762,20,55/100,19/32
14109,37,49/100,18/32
13489,99,48/100,26/32
14095,35,54/100,13/32
10322,102,52/100,15/32
11492,118,59/100,24/32
12418,50,56/100,17/32
14602,27,55/100,14/32
11920,128,55/100,18/32
10185,23,69/100,16/32
10260,23,57/100,22/32
14375,69,44/100,19/32
12555,106,60/100,20/32
12388,129,52/100,22/32
12063,98,68/100,22/32
13058,57,53/100,18/32
10686,130,66/100,17/32
12004,98,57/100,21/32
11458,79,53/100,23/32
10567,102,53/100,27/32
10380,39,51/100,20/32
12738,70,56/100,25/32
12598,31,60/100,17/32
10123,131,51/100,22/32
10541,18,64/100,15/32
12976,65,61/100,18/32
10246,132,52/100,17/32
11881,58,63/100,18/32
12801,133,54/100,22/32
10099,120,56/100,16/32
12453,4,51/100,19/32
11475,79,51/100,22/32
13936,82,48/100,23/32
13151,25,61/100,20/32
11365,71,59/100,18/32
10558,18,53/100,16/32
12146,47,63/100,20/32
14243,24,58/100,13/32
12778,9,62/100,22/32
13763,44,45/100,22/32
13239,134,60/100,17/32
13323,55,55/100,20/32
10597,37,61/100,17/32
11451,118,59/100,17/32
11584,95,52/100,23/32
12924,125,59/100,20/32
14731,43,43/100,22/32
13209,36,58/100,24/32
13419,36,49/100,23/32
13116,127,67/100,17/32
12889,127,53/100,15/32
13832,51,44/100,14/32
12412,50,50/100,20/32
14807,133,60/100,12/32
13734,135,41/100,21/32
13715,45,49/100,10/32
10042,120,56/100,23/32
12585,67,64/100,17/32
10193,122,57/100,21/32
11815,66,57/100,18/32
12098,111,60/100,22/32
12096,136,53/100,15/32
11675,5,58/100,20/32
12154,1,61/100,19/32
13796,90,48/100,27/32
12240,93,68/100,19/32
10378,18,56/100,24/32
12883,126,65/100,26/32
13441,134,44/100,18/32
13132,99,59/100,19/32
14241,19,40/100,17/32
10942,48,59/100,16/32
10601,6,52/100,20/32
12609,31,50/100,21/32
13495,55,45/100,12/32
11508,38,67/100,19/32
12018,30,62/100,21/32
12076,111,63/100,23/32
14553,42,48/100,20/32
12710,46,57/100,21/32
13424,99,49/100,19/32
12114,3,57/100,18/32
12803,137,59/100,23/32
10932,107,56/100,23/32
13456,138,47/100,25/32
14603,139,49/100,19/32
12290,73,68/100,24/32
12330,140,67/100,21/32
11130,130,52/100,17/32
11986,40,61/100,21/32
10016,76,58/100,19/32
11607,51,53/100,21/32
13346,55,63/100,23/32
11913,30,51/100,20/32
12477,53,54/100,20/32
11194,141,54/100,18/32
11442,51,58/100,19/32
14534,28,46/100,16/32
12709,70,64/100,20/32
11460,90,54/100,20/32
10814,24,54/100,18/32
12613,46,59/100,17/32
11556,44,55/100,17/32
11092,142,51/100,24/32
13190,134,53/100,23/32
14885,75,48/100,21/32
11372,78,51/100,22/32
14318,59,41/100,19/32
12576,53,57/100,18/32
12362,42,70/100,23/32
10628,19,54/100,15/32
10636,63,51/100,19/32
13014,143,55/100,25/32
14412,40,49/100,23/32
10740,60,57/100,22/32
11730,97,53/100,22/32
13379,112,48/100,18/32
13350,138,62/100,18/32
14779,70,42/100,25/32
13021,10,54/100,23/32
10555,39,62/100,23/32
11862,97,59/100,20/32
11994,128,50/100,24/32
11482,8,64/100,18/32
10067,144,59/100,23/32
14413,59,47/100,16/32
10037,144,63/100,16/32
13217,134,59/100,16/32
14353,121,44/100,24/32
13625,132,45/100,19/32
14254,20,47/100,17/32
12987,125,73/100,18/32
13144,13,52/100,19/32
13098,127,67/100,20/32
11811,109,50/100,28/32
10492,6,53/100,23/32
13693,45,44/100,18/32
13292,138,59/100,17/32
10964,141,50/100,25/32
12850,115,58/100,19/32
10218,114,52/100,18/32
14270,20,39/100,19/32
12932,124,56/100,24/32
11278,49,60/100,20/32
10664,19,62/100,19/32
12447,53,52/100,20/32
14795,34,38/100,24/32
14757,17,49/100,25/32
11513,103,59/100,23/32
13380,105,47/100,21/32
10902,60,58/100,15/32
13290,36,55/100,20/32
10754,48,52/100,22/32
10428,26,50/100,24/32
13383,25,42/100,21/32
12066,128,51/100,24/32
10417,37,59/100,22/32
11859,58,64/100,23/32
13837,2,39/100,16/32
14704,145,43/100,24/32
12734,34,59/100,22/32
14775,110,48/100,14/32
13445,25,49/100,24/32
14079,39,49/100,20/32
12771,110,61/100,24/32
11459,86,62/100,17/32
13452,13,44/100,24/32
13338,134,58/100,17/32
11838,58,57/100,15/32
14970,57,43/100,20/32
14805,33,43/100,15/32
13893,66,60/100,13/32
12655,34,54/100,19/32
14959,143,46/100,16/32
12874,115,56/100,20/32
11246,85,55/100,24/32
11835,82,60/100,19/32
11910,30,59/100,16/32
10341,6,52/100,18/32
13877,66,38/100,24/32
10904,20,50/100,24/32
10491,12,50/100,23/32
12648,33,56/100,17/32
13198,105,57/100,24/32
10427,18,56/100,24/32
10593,26,60/100,26/32
14828,34,42/100,18/32
10036,72,59/100,22/32
14520,42,39/100,21/32
11261,85,53/100,25/32
11166,60,52/100,24/32
12626,137,53/100,20/32
12979,125,55/100,22/32
12081,121,61/100,22/32
10561,37,53/100,23/32
13053,75,53/100,21/32
14283,19,44/100,19/32
13919,66,49/100,17/32
11587,79,62/100,16/32
13234,112,58/100,24/32
14217,48,49/100,20/32
12343,123,63/100,18/32
11086,107,63/100,20/32
12316,15,59/100,25/32
11217,78,60/100,23/32
10317,37,52/100,20/32
12263,101,59/100,18/32
11455,22,53/100,24/32
10509,113,54/100,24/32
12149,101,60/100,26/32
13966,117,67/100,13/32
10066,23,52/100,17/32
13569,104,64/100,13/32
12372,146,57/100,18/32
11754,82,58/100,25/32
12403,29,54/100,17/32
13516,23,46/100,26/32
10229,144,64/100,23/32
14439,146,43/100,25/32
10950,107,61/100,21/32
14963,10,57/100,14/32
11298,135,51/100,24/32
10129,91,51/100,22/32
13616,122,47/100,14/32
11733,82,55/100,15/32
11802,58,53/100,21/32
12130,93,59/100,19/32
12220,146,60/100,17/32
11857,97,56/100,24/32
14363,40,49/100,22/32
11258,80,56/100,18/32
11315,85,58/100,25/32
11267,100,54/100,19/32
12326,146,52/100,16/32
10088,76,63/100,21/32
12169,42,63/100,17/32
13360,25,58/100,20/32
10079,131,67/100,15/32
11220,100,71/100,16/32
14974,143,48/100,20/32
11483,2,73/100,18/32
13047,124,55/100,18/32
10068,72,55/100,22/32
10530,18,51/100,26/32
12254,101,59/100,17/32
10363,26,51/100,21/32
10302,6,53/100,15/32
14008,64,44/100,22/32
11470,79,65/100,18/32
11256,100,62/100,23/32
13357,99,64/100,23/32
10624,107,57/100,22/32
12408,53,60/100,15/32
14204,142,49/100,18/32
14865,108,43/100,27/32
11970,111,56/100,18/32
11985,121,69/100,22/32
13572,94,45/100,19/32
14753,133,45/100,22/32
10325,92,72/100,24/32
11806,97,56/100,15/32
12468,67,62/100,21/32
11648,5,52/100,16/32
11376,45,56/100,19/32
12946,10,55/100,16/32
10528,14,54/100,24/32
10232,144,56/100,23/32
12432,29,59/100,23/32
12140,147,67/100,20/32
13341,99,53/100,19/32
10952,7,59/100,22/32
12449,29,51/100,16/32
10559,6,56/100,19/32
10634,48,53/100,21/32
13465,105,52/100,9/32
14812,34,53/100,14/32
10818,141,52/100,16/32
10007,72,64/100,22/32
13910,84,52/100,11/32
10401,6,52/100,24/32
10287,104,64/100,18/32
10175,76,51/100,21/32
12980,10,61/100,19/32
12188,47,63/100,21/32
11330,78,51/100,18/32
11303,135,63/100,15/32
12741,70,60/100,22/32
10390,148,58/100,20/32
10245,91,56/100,19/32
10198,94,74/100,19/32
14648,53,47/100,24/32
13872,8,40/100,22/32
14422,15,46/100,24/32
11621,90,51/100,24/32
13961,119,41/100,25/32
12717,34,55/100,17/32
14545,147,46/100,23/32
11632,8,50/100,19/32
10281,144,57/100,21/32
12264,73,57/100,15/32
12974,10,54/100,20/32
10147,132,58/100,19/32
11444,2,54/100,25/32
10190,120,55/100,28/32
11060,41,53/100,18/32
13490,112,49/100,24/32
10391,68,51/100,23/32
12121,30,62/100,22/32
13375,138,69/100,21/32
14282,48,48/100,20/32
10504,26,56/100,21/32
12984,143,69/100,23/32
13510,120,48/100,17/32
10210,72,59/100,25/32
12540,29,67/100,19/32
12344,1,58/100,26/32
12516,83,62/100,21/32
13093,75,51/100,23/32
11112,48,69/100,25/32
11273,85,55/100,20/32
13736,21,60/100,14/32
11126,19,57/100,19/32
11431,86,59/100,24/32
14798,33,47/100,14/32
12789,137,60/100,16/32
11517,79,53/100,22/32
12928,10,55/100,23/32
12159,123,67/100,15/32
14097,102,47/100,13/32
13230,99,73/100,20/32
12528,4,54/100,26/32
14673,54,39/100,22/32
11350,135,54/100,17/32
10542,68,50/100,20/32
14190,20,56/100,10/32
11691,66,59/100,19/32
13099,77,60/100,19/32
10692,24,59/100,16/32
10820,20,53/100,22/32
11296,21,65/100,26/32
14179,20,61/100,9/32
10547,6,51/100,22/32
10337,35,52/100,22/32
10256,76,60/100,23/32
11576,2,51/100,26/32
14361,3,44/100,19/32
13311,13,50/100,18/32
12511,50,58/100,16/32
10222,91,52/100,25/32
12821,31,51/100,21/32
12523,149,57/100,23/32
10026,144,58/100,19/32
12141,93,53/100,19/32
11939,62,52/100,23/32
12319,81,51/100,27/32
10128,104,59/100,26/32
10712,48,59/100,18/32
13193,36,52/100,15/32
11631,118,53/100,20/32
10545,64,55/100,22/32
13578,76,51/100,14/32
14554,73,59/100,14/32
14092,39,49/100,19/32
13184,99,55/100,19/32
13152,56,54/100,17/32
10289,76,57/100,25/32
13233,134,56/100,20/32
14393,62,47/100,21/32
10329,14,58/100,26/32
12971,127,64/100,22/32
11617,22,59/100,24/32
14041,64,48/100,19/32
11553,118,53/100,23/32
11567,2,55/100,19/32
10610,113,53/100,23/32
13824,90,47/100,24/32
13447,36,48/100,23/32
12776,32,51/100,20/32
13328,25,54/100,21/32
12228,93,61/100,19/32
12938,125,54/100,19/32
13062,126,63/100,15/32
11894,69,54/100,18/32
10792,24,54/100,21/32
11834,82,56/100,20/32
14245,60,49/100,24/32
12510,67,54/100,21/32
10589,39,52/100,22/32
12366,140,57/100,22/32
10159,23,51/100,26/32
11453,38,53/100,19/32
12358,140,53/100,17/32
11914,136,53/100,15/32
11072,130,54/100,21/32
12482,67,60/100,21/32
13506,132,43/100,17/32
10113,144,53/100,20/32
14181,7,42/100,24/32
10976,48,66/100,21/32
13719,45,46/100,18/32
11946,59,59/100,21/32
14194,60,48/100,26/32
10730,7,63/100,18/32
12962,65,64/100,22/32
11392,79,53/100,17/32
13204,112,62/100,26/32
13568,74,46/100,25/32
12525,50,63/100,30/32
11090,41,61/100,25/32
12005,30,56/100,18/32
11812,11,60/100,18/32
13399,56,40/100,24/32
13902,11,48/100,22/32
12835,61,59/100,24/32
13628,76,45/100,17/32
11214,49,66/100,15/32
11282,45,54/100,18/32
10169,91,58/100,20/32
13036,127,51/100,22/32
14049,92,49/100,22/32
12802,43,54/100,24/32
11722,52,56/100,19/32
10220,122,62/100,21/32
11820,52,61/100,17/32
10936,60,53/100,19/32
12833,32,53/100,16/32
11240,100,58/100,21/32
14895,126,43/100,19/32
14716,87,49/100,19/32
14691,149,48/100,15/32
10157,132,62/100,21/32
13197,13,55/100,23/32
11056,48,52/100,15/32
11873,117,57/100,22/32
10286,104,56/100,19/32
11154,60,62/100,23/32
12087,69,62/100,24/32
13474,99,55/100,14/32
10269,120,52/100,21/32
10886,20,52/100,24/32
11589,38,56/100,20/32
13034,127,52/100,23/32
11686,97,55/100,22/32
11973,111,55/100,21/32
11445,22,57/100,19/32
12631,61,54/100,22/32
12527,67,50/100,18/32
12448,4,65/100,19/32
11690,109,50/100,16/32
10141,132,56/100,20/32
14314,62,60/100,10/32
12673,87,55/100,22/32
14643,29,43/100,22/32
11647,95,57/100,20/32
13391,36,43/100,20/32
12972,124,54/100,21/32
12959,143,50/100,16/32
12042,69,69/100,24/32
11454,118,71/100,19/32
11630,95,67/100,22/32
11605,44,64/100,23/32
13023,126,62/100,15/32
12675,133,63/100,21/32
14733,133,47/100,21/32
10962,41,54/100,21/32
12205,146,69/100,18/32
11674,52,68/100,18/32
11947,98,62/100,28/32
14793,145,41/100,21/32
12630,145,54/100,20/32
10832,48,62/100,27/32
12381,50,60/100,20/32
12533,83,57/100,18/32
13478,138,58/100,14/32
14286,7,47/100,22/32
14845,133,39/100,22/32
10062,144,55/100,22/32
14872,125,62/100,12/32
14129,14,59/100,14/32
11879,5,50/100,25/32
14280,20,48/100,23/32
11357,135,61/100,25/32
12763,87,50/100,19/32
11118,19,55/100,21/32
12184,1,52/100,23/32
10479,6,63/100,22/32
10053,144,66/100,17/32
14656,139,48/100,21/32
13373,89,65/100,23/32
12101,121,56/100,19/32
12148,42,55/100,20/32
12570,29,65/100,21/32
12285,101,67/100,23/32
11028,142,59/100,19/32
10410,14,55/100,24/32
11375,21,57/100,22/32
13033,125,52/100,18/32
12611,32,50/100,18/32
10214,74,59/100,19/32
11952,69,51/100,22/32
14593,129,49/100,23/32
12393,50,60/100,19/32
13497,56,44/100,24/32
14271,19,36/100,17/32
13045,10,57/100,22/32
10752,48,51/100,20/32
12463,53,67/100,25/32
12306,140,67/100,25/32
12223,101,73/100,20/32
14584,149,49/100,29/32
10648,130,53/100,20/32
13530,144,52/100,14/32
13594,76,45/100,21/32
14219,20,56/100,14/32
11353,49,55/100,20/32
13583,72,46/100,15/32
10032,120,55/100,20/32
11253,100,58/100,27/32
13179,25,50/100,17/32
10788,7,50/100,24/32
11215,135,58/100,22/32
12041,40,57/100,18/32
12209,123,64/100,21/32
13194,13,63/100,25/32
14917,108,48/100,18/32
10181,131,57/100,23/32
13122,138,59/100,18/32
12077,150,62/100,20/32
12286,123,62/100,17/32
14429,28,49/100,19/32
12940,143,60/100,20/32
10786,20,53/100,16/32
10334,37,52/100,25/32
12490,139,59/100,17/32
14907,77,44/100,18/32
10573,35,54/100,22/32
10295,94,52/100,19/32
11792,109,65/100,25/32
11329,21,58/100,19/32
10426,18,53/100,23/32
13008,115,54/100,17/32
10362,18,50/100,20/32
13980,97,46/100,15/32
12601,70,51/100,22/32
10155,23,54/100,21/32
13145,112,64/100,25/32
12788,46,54/100,23/32
12069,30,60/100,25/32
13252,151,62/100,22/32
12898,126,60/100,19/32
11511,2,54/100,23/32
13469,89,47/100,22/32
13041,108,57/100,25/32
12881,108,55/100,19/32
13784,8,48/100,16/32
11004,141,56/100,19/32
12426,83,56/100,18/32
12577,67,62/100,25/32
10227,114,59/100,19/32
13997,18,46/100,21/32
11244,80,60/100,21/32
10438,113,51/100,24/32
12304,123,61/100,17/32
13618,131,49/100,21/32
11299,85,51/100,18/32
14749,137,45/100,13/32
11538,8,65/100,20/32
10240,23,61/100,15/32
11888,30,56/100,25/32
12792,34,58/100,15/32
14652,27,46/100,17/32
12405,129,58/100,23/32
10162,114,56/100,19/32
12680,43,51/100,19/32
13888,58,56/100,12/32
10275,120,51/100,20/32
13385,89,43/100,18/32
13263,13,61/100,23/32
10568,12,55/100,21/32
14610,149,42/100,21/32
11344,45,52/100,27/32
12072,128,51/100,19/32
12522,129,64/100,19/32
11573,22,61/100,20/32
11710,11,50/100,25/32
13009,143,54/100,18/32
14817,87,46/100,18/32
14195,20,46/100,18/32
14380,98,45/100,17/32
12526,50,64/100,16/32
14244,107,38/100,19/32
14131,148,59/100,12/32
13681,45,48/100,21/32
14692,149,46/100,20/32
11324,78,57/100,16/32
10535,102,61/100,27/32
11024,107,59/100,27/32
10429,26,60/100,17/32
10570,18,55/100,20/32
12410,29,52/100,19/32
14928,115,48/100,15/32
12651,61,53/100,18/32
13745,100,47/100,18/32
13907,119,49/100,24/32
10852,142,58/100,18/32
13546,91,38/100,19/32
12617,43,68/100,18/32
13508,114,39/100,16/32
13128,112,50/100,23/32
11242,80,52/100,19/32
12508,29,54/100,20/32
10513,64,67/100,17/32
12268,42,51/100,24/32
11678,152,56/100,19/32
11208,141,59/100,22/32
12035,3,62/100,21/32
11594,103,69/100,20/32
10772,41,55/100,17/32
12845,34,54/100,22/32
12649,34,57/100,19/32
14340,40,48/100,17/32
11343,71,52/100,21/32
10283,131,55/100,22/32
14730,34,37/100,16/32
12167,88,58/100,19/32
11080,20,61/100,25/32
11668,52,60/100,18/32
14981,77,49/100,26/32
11066,142,54/100,25/32
13119,125,59/100,24/32
10994,48,59/100,20/32
10389,26,65/100,22/32
14116,37,49/100,18/32
12791,32,64/100,24/32
13767,22,49/100,12/32
10510,102,57/100,23/32
11608,95,52/100,26/32
12260,42,67/100,21/32
14942,10,41/100,19/32
10456,14,61/100,19/32
13015,124,52/100,22/32
10609,113,50/100,23/32
11736,16,57/100,18/32
10616,48,53/100,20/32
11518,86,52/100,20/32
13499,138,41/100,14/32
12382,83,64/100,17/32
14849,10,46/100,17/32
10842,107,61/100,21/32
14184,7,51/100,13/32
10327,12,62/100,22/32
11884,150,52/100,15/32
12999,10,62/100,25/32
12427,29,53/100,16/32
10006,120,54/100,22/32
10300,144,55/100,24/32
12887,126,55/100,19/32
12025,136,67/100,20/32
13178,134,57/100,16/32
14843,32,41/100,26/32
10890,107,53/100,21/32
11076,141,62/100,24/32
11885,69,62/100,21/32
11058,20,55/100,22/32
13215,36,51/100,16/32
10463,102,53/100,21/32
14483,15,46/100,25/32
11625,38,54/100,23/32
11255,100,56/100,20/32
10192,72,51/100,17/32
10125,104,56/100,26/32
10156,144,64/100,16/32
10878,48,61/100,19/32
11957,128,63/100,26/32
12363,146,50/100,23/32
13517,114,45/100,22/32
14780,17,49/100,19/32
12654,32,51/100,26/32
10211,91,51/100,15/32
12337,47,50/100,19/32
11707,16,58/100,26/32
11903,136,53/100,25/32
14925,108,42/100,24/32
14298,111,62/100,10/32
12824,70,62/100,24/32
13176,89,50/100,21/32
11880,16,58/100,24/32
11052,7,60/100,22/32
11619,118,68/100,19/32
11182,63,67/100,19/32
10477,39,62/100,17/32
14944,126,56/100,13/32
14676,139,40/100,27/32
10296,91,54/100,15/32
11695,66,51/100,22/32
11850,84,55/100,19/32
14338,98,48/100,20/32
12774,32,59/100,21/32
11339,45,57/100,20/32
13818,86,53/100,13/32
12897,10,62/100,25/32
14969,77,41/100,14/32
12151,123,55/100,23/32
10423,113,56/100,20/32
12515,27,51/100,16/32
12779,32,51/100,23/32
11447,44,67/100,23/32
11672,96,68/100,18/32
10630,142,51/100,22/32
12600,9,58/100,18/32
12078,40,50/100,19/32
12012,136,55/100,19/32
14076,14,48/100,14/32
10205,76,51/100,18/32
13836,95,49/100,11/32
11954,3,52/100,21/32
10409,18,56/100,27/32
11204,24,54/100,19/32
12407,27,56/100,20/32
14514,101,47/100,17/32
11751,117,59/100,18/32
11493,95,53/100,19/32
13257,25,65/100,17/32
12899,124,52/100,22/32
13547,74,45/100,18/32
11696,82,52/100,15/32
12346,47,57/100,24/32
12147,93,58/100,18/32
10480,92,60/100,22/32
14735,33,54/100,14/32
12299,28,62/100,21/32
11975,98,60/100,20/32
13689,21,41/100,19/32
14402,150,48/100,13/32
14748,31,49/100,19/32
14682,53,65/100,12/32
12907,65,62/100,22/32
12869,143,50/100,17/32
14059,37,49/100,18/32
12612,87,64/100,16/32
12032,30,51/100,22/32
12238,123,61/100,18/32
13241,105,60/100,25/32
12239,42,64/100,24/32
13312,116,58/100,18/32
11124,48,53/100,17/32
12051,111,61/100,17/32
11306,80,54/100,18/32
13865,8,44/100,14/32
13922,84,46/100,24/32
10441,6,59/100,17/32
13020,108,53/100,17/32
13575,72,56/100,14/32
11313,45,50/100,19/32
14930,57,49/100,18/32
12352,123,64/100,25/32
11698,109,57/100,26/32
12712,9,57/100,20/32
11718,97,67/100,16/32
14414,69,37/100,23/32
11950,40,61/100,19/32
13305,25,59/100,19/32
12163,47,52/100,27/32
10058,74,61/100,15/32
13793,51,47/100,15/32
14032,18,48/100,16/32
10591,12,64/100,18/32
13160,89,66/100,21/32
11186,107,54/100,24/32
13615,120,49/100,19/32
10938,24,52/100,18/32
12781,70,56/100,25/32
12829,32,59/100,21/32
14983,10,57/100,14/32
12587,29,61/100,18/32
14988,143,47/100,18/32
10445,148,55/100,23/32
11036,48,52/100,19/32
12368,47,62/100,23/32
10103,122,58/100,21/32
11466,22,55/100,17/32
10304,92,55/100,22/32
13105,108,51/100,25/32
12963,77,57/100,20/32
12266,1,63/100,21/32
13830,8,47/100,18/32
11866,66,63/100,15/32
11349,80,51/100,18/32
12978,126,54/100,15/32
14887,77,49/100,24/32
13327,151,52/100,24/32
12917,10,58/100,23/32
14532,15,40/100,21/32
11761,11,58/100,24/32
13670,45,48/100,24/32
11348,21,65/100,15/32
14760,46,46/100,21/32
14165,48,55/100,14/32
12321,140,61/100,20/32
11100,60,56/100,25/32
13330,138,62/100,22/32
12666,43,61/100,25/32
13104,75,54/100,19/32
13549,114,48/100,20/32
11461,90,57/100,17/32
14077,113,42/100,14/32
12737,33,61/100,18/32
13240,25,53/100,16/32
10031,104,59/100,21/32
14070,12,47/100,24/32
12079,59,57/100,22/32
11252,78,50/100,21/32
10231,104,55/100,19/32
13137,134,51/100,23/32
10265,104,54/100,18/32
14927,143,61/100,13/32
12870,75,56/100,20/32
11927,98,53/100,21/32
12553,27,66/100,16/32
12716,46,59/100,24/32
14859,57,48/100,21/32
10406,6,60/100,22/32
10366,18,53/100,19/32
10177,94,58/100,16/32
14853,75,42/100,14/32
12830,31,56/100,18/32
14486,1,51/100,14/32
11810,117,55/100,21/32
10278,23,55/100,23/32
10282,122,56/100,16/32
12336,28,57/100,23/32
10230,72,58/100,24/32
11504,2,63/100,20/32
12302,101,59/100,20/32
11693,66,64/100,15/32
14368,62,48/100,20/32
12470,50,57/100,18/32
10133,114,64/100,19/32
10926,141,58/100,20/32
13416,13,50/100,13/32
11106,60,56/100,18/32
14154,48,55/100,11/32
14196,142,48/100,19/32
10486,14,64/100,18/32
11593,8,61/100,23/32
12095,98,55/100,21/32
10866,130,64/100,26/32
13223,105,55/100,17/32
13749,71,48/100,19/32
11714,152,64/100,24/32
11136,41,55/100,18/32
13996,148,45/100,17/32
10043,144,57/100,22/32
10569,64,52/100,18/32
14288,20,50/100,12/32
12784,9,55/100,21/32
10748,130,61/100,18/32
10124,74,50/100,19/32
11640,95,51/100,21/32
13975,117,47/100,23/32
14391,136,59/100,14/32
12241,47,55/100,20/32
13896,5,47/100,25/32
14662,54,49/100,20/32
12085,111,55/100,26/32
13362,89,61/100,20/32
10279,131,50/100,16/32
13930,119,41/100,15/32
12931,108,51/100,23/32
13286,89,55/100,24/32
11507,51,59/100,23/32
12659,31,57/100,18/32
14357,136,46/100,17/32
13042,75,52/100,21/32
12983,57,62/100,21/32
12171,28,57/100,20/32
13654,78,65/100,10/32
11481,79,66/100,22/32
11948,150,63/100,23/32
11160,142,54/100,21/32
12593,33,61/100,22/32
11236,21,52/100,19/32
10191,74,65/100,18/32
10704,60,52/100,24/32
12836,145,57/100,20/32
12955,126,62/100,25/32
13026,57,56/100,24/32
14303,121,41/100,17/32
11314,100,64/100,19/32
14005,102,42/100,28/32
13602,72,40/100,20/32
10126,132,57/100,25/32
14228,141,46/100,19/32
14548,140,49/100,21/32
13565,144,62/100,11/32
10308,68,66/100,19/32
10864,130,59/100,17/32
12353,47,53/100,18/32
12459,139,58/100,21/32
13440,151,48/100,18/32
10354,35,50/100,15/32
12193,146,59/100,18/32
13604,131,46/100,22/32
10249,144,60/100,20/32
10449,148,58/100,23/32
12878,75,58/100,20/32
12985,57,55/100,23/32
12828,145,55/100,22/32
13531,144,49/100,24/32
12011,121,50/100,26/32
10746,7,54/100,19/32
12694,32,54/100,20/32
10433,6,51/100,17/32
11362,100,58/100,25/32
13214,36,52/100,19/32
13077,126,64/100,22/32
11697,152,53/100,27/32
10464,12,60/100,19/32
12864,75,60/100,21/32
12379,54,61/100,23/32
14919,115,49/100,20/32
14600,27,66/100,14/32
13621,23,46/100,19/32
13212,138,61/100,23/32
12941,108,54/100,21/32
13781,79,40/100,25/32
14306,98,47/100,25/32
10262,144,66/100,16/32
12851,143,62/100,18/32
10065,72,53/100,21/32
13658,85,59/100,12/32
12217,73,54/100,21/32
14304,30,55/100,14/32
14313,121,37/100,19/32
12933,57,67/100,22/32
11352,71,51/100,19/32
10918,130,58/100,22/32
10421,92,53/100,27/32
12089,3,50/100,16/32
11853,16,51/100,22/32
14251,19,43/100,25/32
12783,31,50/100,27/32
12635,34,53/100,23/32
12768,31,50/100,24/32
13413,36,50/100,14/32
10030,76,55/100,24/32
10537,18,55/100,24/32
12697,31,54/100,15/32
12860,10,56/100,24/32
14023,12,49/100,23/32
11596,51,51/100,17/32
10437,18,51/100,22/32
13891,82,44/100,19/32
10179,72,51/100,27/32
10083,23,60/100,23/32
12847,127,62/100,25/32
11144,60,69/100,22/32
10536,12,51/100,21/32
14565,53,45/100,19/32
13019,57,58/100,20/32
14124,6,48/100,19/32
14265,60,49/100,23/32
10121,120,56/100,24/32
12058,69,54/100,16/32
13931,5,48/100,19/32
12441,50,63/100,22/32
14883,57,49/100,21/32
10077,131,62/100,16/32
12773,31,55/100,19/32
10514,148,73/100,15/32
12021,150,54/100,20/32
14819,110,45/100,16/32
11578,90,63/100,20/32
14203,20,56/100,14/32
11600,86,52/100,17/32
10403,18,58/100,19/32
11245,135,51/100,21/32
10798,142,59/100,24/32
10543,26,58/100,23/32
13258,151,72/100,20/32
11300,100,60/100,23/32
14248,20,48/100,22/32
10553,12,51/100,15/32
12136,1,52/100,21/32
10018,91,57/100,17/32
13135,36,53/100,22/32
11646,44,50/100,17/32
14746,61,49/100,24/32
14474,47,47/100,17/32
14301,128,45/100,15/32
12512,27,52/100,20/32
11580,90,50/100,20/32
10015,94,53/100,19/32
11377,135,68/100,22/32
11681,82,58/100,16/32
13751,71,47/100,24/32
12499,27,56/100,20/32
10048,94,54/100,22/32
14240,19,49/100,14/32
10003,72,55/100,20/32
13772,22,60/100,13/32
12912,77,51/100,22/32
11883,121,54/100,19/32
11132,60,61/100,20/32
11586,79,53/100,21/32
11262,100,53/100,17/32
13764,44,45/100,25/32
14604,29,49/100,24/32
13696,100,45/100,24/32
10333,39,55/100,22/32
11384,78,53/100,17/32
12534,27,60/100,17/32
12693,110,60/100,19/32
11963,59,55/100,25/32
11966,111,59/100,20/32
12000,150,62/100,25/32
14573,53,47/100,23/32
12091,98,55/100,19/32
12990,108,66/100,17/32
13211,36,51/100,18/32
12485,53,56/100,23/32
13595,120,49/100,17/32
14852,125,44/100,16/32
13600,76,38/100,20/32
10912,48,59/100,20/32
13031,10,51/100,18/32
14776,33,41/100,16/32
11597,44,51/100,24/32
11555,103,63/100,19/32
11915,111,56/100,20/32
11378,49,50/100,19/32
11084,19,66/100,23/32
10324,64,57/100,22/32
11383,100,50/100,22/32
12825,43,51/100,26/32
13054,115,60/100,20/32
12386,53,51/100,16/32
13428,99,46/100,23/32
13532,76,54/100,9/32
13417,89,40/100,27/32
12687,110,54/100,17/32
13287,105,59/100,19/32
13278,56,62/100,20/32
10836,107,52/100,23/32
10347,35,58/100,23/32
10507,68,51/100,21/32
10070,23,55/100,24/32
13614,94,49/100,21/32
11472,86,64/100,16/32
11509,103,64/100,21/32
14345,98,53/100,13/32
11998,40,57/100,23/32
12998,108,54/100,23/32
13606,94,43/100,21/32
10796,19,53/100,17/32
13934,96,47/100,18/32
10522,113,51/100,23/32
12586,129,56/100,20/32
12766,43,54/100,20/32
12911,77,60/100,19/32
14966,75,49/100,18/32
14622,83,67/100,13/32
14134,102,47/100,19/32
11572,103,59/100,26/32
13393,25,45/100,16/32
11655,152,56/100,21/32
12722,46,59/100,23/32
14505,81,49/100,21/32
14048,102,45/100,16/32
10840,141,55/100,16/32
12327,88,52/100,25/32
13274,138,64/100,22/32
10369,26,53/100,16/32
12105,3,51/100,23/32
12435,83,56/100,22/32
11577,95,57/100,19/32
10081,144,50/100,16/32
13906,97,42/100,20/32
13762,38,46/100,23/32
10387,39,51/100,19/32
13218,13,54/100,20/32
14331,30,33/100,18/32
11743,96,57/100,17/32
12235,42,56/100,19/32
12506,149,50/100,17/32
12795,43,64/100,24/32
10134,23,50/100,26/32
12757,43,62/100,20/32
13092,57,59/100,19/32
10422,26,58/100,20/32
13115,127,55/100,22/32
14128,18,46/100,20/32
11420,8,53/100,29/32
12295,73,63/100,20/32
13300,151,57/100,19/32
13788,79,46/100,17/32
13905,66,57/100,13/32
10017,120,61/100,19/32
13407,99,43/100,18/32
10250,76,60/100,20/32
12904,143,61/100,21/32
12947,75,62/100,19/32
11006,141,57/100,26/32
11318,71,56/100,19/32
13276,13,53/100,15/32
14033,68,46/100,21/32
13521,120,48/100,21/32
11456,38,56/100,18/32
14423,81,54/100,13/32
13082,127,51/100,19/32
12556,50,63/100,20/32
11978,69,62/100,25/32
11664,119,57/100,16/32
13101,125,58/100,16/32
14556,73,46/100,16/32
13949,82,52/100,12/32
13367,138,58/100,18/32
11094,20,59/100,20/32
11610,51,53/100,22/32
11354,21,57/100,17/32
10640,24,50/100,19/32
11342,71,55/100,21/32
13376,151,39/100,23/32
11335,80,50/100,20/32
13978,96,47/100,16/32
12111,136,50/100,23/32
13387,151,48/100,23/32
10533,37,63/100,20/32
10208,23,51/100,16/32
12629,33,57/100,23/32
12922,124,52/100,24/32
14435,47,46/100,25/32
14445,140,49/100,19/32
13094,127,54/100,19/32
12691,33,65/100,23/32
12006,121,57/100,19/32
12531,83,55/100,17/32
12259,1,50/100,20/32
10992,130,66/100,22/32
13433,105,46/100,16/32
12755,70,63/100,19/32
14822,43,47/100,17/32
10346,148,55/100,24/32
12395,50,65/100,23/32
12233,93,50/100,23/32
12628,31,55/100,17/32
11999,111,65/100,18/32
10494,39,62/100,18/32
12500,106,55/100,21/32
10608,102,64/100,22/32
14734,61,48/100,20/32
11285,71,64/100,20/32
11606,86,53/100,23/32
12397,129,54/100,15/32
12015,111,57/100,21/32
12838,31,54/100,22/32
11937,69,52/100,19/32
14394,69,43/100,23/32
11546,79,60/100,25/32
11462,95,59/100,20/32
12688,31,65/100,18/32
14428,73,40/100,13/32
11279,71,57/100,22/32
12634,133,53/100,24/32
10035,120,54/100,24/32
10350,148,57/100,22/32
10708,63,66/100,21/32
10106,91,52/100,18/32
11417,8,63/100,23/32
12703,61,52/100,18/32
12545,83,53/100,22/32
11526,86,61/100,15/32
10244,132,56/100,18/32
11008,41,67/100,21/32
12664,17,58/100,25/32
10319,68,66/100,20/32
11082,141,63/100,24/32
11895,136,54/100,19/32
11874,5,59/100,23/32
12580,129,55/100,23/32
11026,19,56/100,16/32
11713,11,58/100,24/32
11921,150,57/100,24/32
11283,21,58/100,22/32
12144,73,50/100,25/32
12249,88,52/100,23/32
12211,47,61/100,17/32
14075,37,42/100,18/32
13540,91,48/100,21/32
11468,86,55/100,20/32
10351,39,53/100,19/32
13915,16,47/100,24/32
13437,56,49/100,20/32
13491,56,46/100,22/32
13760,86,50/100,13/32
11616,95,55/100,20/32
11598,95,57/100,19/32
11266,80,56/100,16/32
11338,49,59/100,22/32
11382,85,57/100,26/32
11908,40,64/100,23/32
12735,137,59/100,20/32
14707,46,66/100,13/32
11409,22,54/100,22/32
14460,81,49/100,14/32
12623,137,54/100,17/32
10668,107,63/100,15/32
12865,115,54/100,16/32
10285,131,65/100,17/32
12481,50,62/100,22/32
12756,61,52/100,23/32
10778,41,64/100,18/32
13359,138,58/100,20/32
12895,125,50/100,26/32
12202,73,65/100,16/32
12357,15,54/100,25/32
11351,49,60/100,22/32
12433,139,52/100,21/32
13989,84,49/100,27/32
14450,81,41/100,20/32
11277,85,63/100,25/32
12965,10,50/100,16/32
12892,108,60/100,17/32
11308,85,56/100,23/32
10336,12,62/100,22/32
10910,141,53/100,15/32
11548,22,51/100,23/32
14680,83,35/100,19/32
13461,25,47/100,19/32
13634,144,39/100,17/32
11694,11,62/100,18/32
13463,36,42/100,24/32
11297,78,57/100,25/32
12714,9,62/100,19/32
13279,116,59/100,23/32
11427,2,59/100,20/32
12595,87,56/100,23/32
12152,47,64/100,24/32
11728,5,65/100,25/32
14613,4,69/100,14/32
10499,37,51/100,22/32
10086,104,63/100,28/32
13446,138,59/100,14/32
10394,68,58/100,19/32
13500,91,57/100,14/32
14527,15,48/100,16/32
14367,3,51/100,11/32
13267,55,54/100,16/32
14088,12,48/100,19/32
11152,130,60/100,18/32
11821,82,56/100,22/32
14873,77,48/100,19/32
12052,121,66/100,22/32
11700,84,66/100,20/32
12230,73,62/100,16/32
11727,117,50/100,16/32
13195,134,60/100,20/32
11899,40,55/100,20/32
10744,63,51/100,21/32
10313,64,59/100,22/32
14358,111,48/100,15/32
14550,123,48/100,17/32
11716,109,50/100,18/32
10490,18,51/100,19/32
11904,40,55/100,22/32
14690,4,43/100,15/32
13814,95,47/100,15/32
12033,59,65/100,16/32
13651,132,49/100,25/32
12113,136,50/100,22/32
12417,129,58/100,20/32
10846,19,52/100,20/32
11413,90,51/100,18/32
12536,139,59/100,23/32
12075,128,57/100,19/32
10096,131,52/100,15/32
10706,142,52/100,16/32
10596,92,71/100,26/32
13802,95,47/100,21/32
13505,144,44/100,21/32
13066,108,64/100,17/32
13169,138,53/100,18/32
12592,129,51/100,20/32
12203,73,58/100,24/32
11368,100,56/100,15/32
12229,88,53/100,22/32
14838,70,49/100,21/32
10349,6,51/100,23/32
11070,20,59/100,25/32
13072,143,54/100,20/32
12559,129,60/100,19/32
12376,83,61/100,18/32
13322,25,52/100,21/32
14789,70,47/100,20/32
12059,98,55/100,17/32
13950,152,46/100,19/32
12806,43,55/100,22/32
10398,148,59/100,21/32
11935,59,54/100,18/32
13840,86,49/100,22/32
10968,141,60/100,22/32
11410,95,54/100,15/32
12070,30,55/100,18/32
12246,73,50/100,19/32
14113,37,59/100,12/32
10580,37,63/100,19/32
12278,88,56/100,27/32
12719,70,53/100,20/32
12834,70,66/100,22/32
14715,9,39/100,24/32
11599,90,59/100,19/32
10064,114,62/100,20/32
13405,134,48/100,19/32
14521,146,46/100,19/32
11506,79,67/100,18/32
11932,111,52/100,15/32
13979,5,44/100,16/32
12548,149,59/100,16/32
10184,122,57/100,27/32
14744,34,49/100,14/32
11643,22,55/100,20/32
11783,52,64/100,21/32
13171,25,60/100,23/32
11611,8,57/100,20/32
10444,113,60/100,22/32
11847,119,62/100,16/32
14953,75,43/100,20/32
13867,2,45/100,26/32
13645,131,49/100,26/32
11436,118,56/100,16/32
13363,116,51/100,21/32
13010,124,64/100,28/32
13827,95,46/100,15/32
12234,28,55/100,20/32
11615,103,60/100,16/32
14169,142,51/100,11/32
12469,27,59/100,21/32
11755,16,58/100,19/32
12394,129,63/100,21/32
12003,121,51/100,22/32
11753,16,54/100,23/32
12272,28,51/100,18/32
12402,139,51/100,24/32
14903,115,48/100,16/32
10093,132,57/100,24/32
12385,83,64/100,26/32
11845,5,50/100,20/32
11543,44,59/100,21/32
11943,40,68/100,23/32
12725,17,63/100,15/32
13735,21,40/100,23/32
14215,141,49/100,20/32
14510,81,50/100,13/32
10928,142,55/100,22/32
12176,93,57/100,16/32
14750,17,52/100,14/32
13803,86,47/100,22/32
10010,23,71/100,26/32
11912,3,62/100,24/32
12197,101,52/100,21/32
11877,52,55/100,19/32
13172,13,60/100,18/32
14141,12,48/100,23/32
12045,150,55/100,23/32
10138,120,55/100,19/32
12310,123,67/100,18/32
12088,150,59/100,22/32
12084,111,66/100,19/32
11823,58,54/100,23/32
10215,131,58/100,16/32
14932,10,46/100,22/32
12994,57,66/100,23/32
14364,128,48/100,27/32
12544,29,50/100,17/32
13622,131,54/100,12/32
14384,30,49/100,27/32
13559,76,52/100,13/32
11346,21,54/100,21/32
10107,72,52/100,24/32
11484,90,60/100,24/32
10110,76,61/100,15/32
10144,76,50/100,17/32
14004,26,49/100,22/32
10718,48,56/100,21/32
11797,58,51/100,25/32
11443,86,69/100,22/32
11291,135,59/100,20/32
11878,66,62/100,25/32
12329,15,58/100,16/32
11020,24,50/100,25/32
14180,60,49/100,22/32
14751,9,45/100,21/32
14102,18,49/100,29/32
11341,21,66/100,16/32
14424,93,48/100,21/32
12995,77,67/100,19/32
11476,51,53/100,23/32
11223,21,53/100,24/32
13656,80,49/100,18/32
11014,107,50/100,21/32
12952,108,50/100,19/32
14791,70,45/100,17/32
12569,149,61/100,15/32
13228,99,56/100,25/32
13665,100,51/100,14/32
11387,78,64/100,24/32
10052,104,61/100,16/32
14151,24,46/100,22/32
11390,80,63/100,16/32
12752,33,56/100,20/32
12422,149,71/100,22/32
13562,144,40/100,25/32
12852,75,59/100,23/32
14654,129,57/100,13/32
13638,131,45/100,19/32
11809,11,57/100,18/32
12339,140,50/100,26/32
14104,18,41/100,23/32
12224,140,65/100,22/32
13326,151,52/100,23/32
13321,105,66/100,18/32
11426,38,57/100,17/32
14096,12,39/100,24/32
12684,61,52/100,21/32
10750,48,59/100,16/32
11699,5,60/100,21/32
11317,135,54/100,22/32
13676,78,47/100,24/32
13775,118,33/100,23/32
10122,144,60/100,19/32
12736,46,54/100,15/32
11046,130,65/100,20/32
12767,110,52/100,23/32
10355,102,50/100,20/32
13858,118,57/100,12/32
10654,63,62/100,19/32
13707,135,50/100,14/32
10776,107,55/100,19/32
12049,150,58/100,23/32
14722,46,53/100,14/32
14362,111,49/100,19/32
11434,38,63/100,23/32
12097,69,59/100,20/32
12333,147,55/100,22/32
14960,108,48/100,21/32
12966,124,50/100,26/32
14462,93,49/100,17/32
11331,71,67/100,23/32
14823,145,46/100,19/32
13857,86,59/100,13/32
13369,99,50/100,22/32
13937,84,46/100,20/32
11682,16,60/100,23/32
12730,137,63/100,15/32
10512,68,60/100,17/32
14536,123,46/100,20/32
13309,99,54/100,22/32
13188,112,51/100,15/32
12840,9,52/100,20/32
12175,81,51/100,22/32
14087,102,48/100,23/32
10604,92,59/100,22/32
10646,142,57/100,22/32
11366,80,50/100,19/32
12253,140,57/100,21/32
13999,92,49/100,16/32
13555,74,44/100,19/32
12903,75,56/100,23/32
10301,120,55/100,16/32
11684,109,57/100,17/32
11322,49,57/100,16/32
10808,24,60/100,23/32
12619,70,50/100,21/32
14921,108,41/100,19/32
13484,105,48/100,22/32
11848,152,60/100,20/32
13288,99,50/100,17/32
13051,77,57/100,22/32
11886,62,57/100,20/32
13289,116,57/100,19/32
11275,71,55/100,24/32
13471,13,49/100,23/32
13298,151,63/100,23/32
12282,73,58/100,20/32
13501,76,42/100,22/32
13995,102,61/100,12/32
12237,147,59/100,21/32
11531,118,51/100,15/32
11356,85,54/100,19/32
11380,45,56/100,24/32
11763,16,51/100,20/32
11292,80,52/100,26/32
10127,74,59/100,17/32
13410,151,42/100,22/32
13310,105,53/100,24/32
11808,11,52/100,24/32
12891,75,59/100,24/32
14163,7,49/100,22/32
13789,95,48/100,18/32
11393,103,52/100,23/32
14187,41,65/100,12/32
14567,27,46/100,22/32
12749,133,55/100,20/32
13690,100,42/100,15/32
11764,52,66/100,17/32
14594,106,49/100,22/32
11803,84,51/100,21/32
12373,146,67/100,26/32
11960,150,61/100,23/32
11933,136,58/100,19/32
10009,131,56/100,21/32
10720,141,51/100,26/32
14073,14,48/100,26/32
12206,93,51/100,21/32
13458,134,47/100,19/32
13256,25,56/100,20/32
10606,148,58/100,21/32
14035,148,47/100,15/32
13272,56,57/100,19/32
13189,36,50/100,26/32
11304,45,56/100,18/32
11271,49,69/100,22/32
10130,91,58/100,16/32
13067,108,53/100,23/32
12582,129,52/100,17/32
14114,64,48/100,23/32
11893,121,59/100,17/32
11747,96,56/100,20/32
12128,81,60/100,19/32
11102,19,63/100,22/32
10359,26,59/100,18/32
11474,103,52/100,16/32
14796,145,64/100,14/32
12423,50,59/100,16/32
12364,47,51/100,19/32
11993,150,58/100,16/32
10019,94,61/100,22/32
10587,39,55/100,16/32
14985,10,48/100,28/32
11202,142,50/100,24/32
12679,87,52/100,20/32
13247,116,57/100,28/32
13454,25,47/100,22/32
10432,14,54/100,25/32
12645,110,54/100,18/32
13148,116,69/100,22/32
13669,45,47/100,22/32
12764,110,54/100,15/32
12341,47,59/100,22/32
13593,72,48/100,21/32
12807,137,67/100,17/32
13939,119,49/100,24/32
12420,106,53/100,19/32
11929,30,56/100,22/32
12315,15,58/100,25/32
10197,122,51/100,22/32
10742,48,63/100,24/32
13046,108,67/100,16/32
11371,45,64/100,23/32
12627,46,55/100,17/32
10402,148,50/100,22/32
11889,111,56/100,19/32
11421,38,60/100,17/32
13768,44,48/100,19/32
10094,122,53/100,22/32
14552,93,46/100,19/32
12332,42,64/100,22/32
11532,90,60/100,18/32
13078,125,60/100,17/32
14323,111,47/100,24/32
13701,135,49/100,24/32
13085,125,61/100,18/32
11494,79,57/100,22/32
14508,81,41/100,13/32
13797,79,48/100,17/32
11412,8,58/100,18/32
11726,96,53/100,17/32
13304,36,63/100,21/32
10858,107,62/100,20/32
12520,50,50/100,21/32
11224,45,53/100,20/32
13232,116,64/100,17/32
12856,127,59/100,19/32
13203,56,59/100,22/32
11717,97,52/100,21/32
10405,37,62/100,25/32
10097,114,54/100,21/32
14858,115,42/100,23/32
13655,21,48/100,13/32
11819,117,60/100,23/32
11569,103,62/100,23/32
11562,118,53/100,20/32
10002,104,51/100,19/32
13302,151,69/100,25/32
11515,79,62/100,23/32
10087,122,56/100,21/32
14787,31,49/100,15/32
10546,14,56/100,28/32
12967,108,54/100,23/32
11642,8,57/100,18/32
13928,96,43/100,18/32
10948,142,66/100,23/32
10356,6,67/100,26/32
14188,48,39/100,22/32
12498,129,50/100,15/32
11779,97,68/100,23/32
12842,34,67/100,23/32
12118,3,62/100,20/32
13216,151,65/100,22/32
12754,32,53/100,27/32
14491,123,44/100,26/32
13926,119,42/100,16/32
13138,134,64/100,23/32
12638,133,54/100,24/32
10898,63,64/100,24/32
13060,108,58/100,17/32
10523,18,56/100,23/32
13040,77,58/100,19/32
11922,30,55/100,16/32
12662,33,58/100,20/32
11465,22,52/100,23/32
12478,139,52/100,16/32
13157,36,65/100,19/32
10489,37,58/100,15/32
10270,122,50/100,18/32
10342,64,65/100,24/32
11272,100,50/100,18/32
11547,90,69/100,22/32
13356,112,55/100,21/32
13248,116,54/100,21/32
14166,48,49/100,24/32
13259,55,52/100,21/32
13875,16,46/100,25/32
11467,118,60/100,23/32
11997,111,60/100,23/32
13502,76,46/100,21/32
10790,63,58/100,22/32
14443,81,45/100,21/32
11423,2,59/100,23/32
14876,125,53/100,10/32
14980,125,49/100,16/32
10452,102,61/100,19/32
12543,83,58/100,24/32
10339,64,70/100,24/32
14515,1,40/100,19/32
13011,143,51/100,19/32
14448,147,34/100,24/32
12782,31,53/100,16/32
11394,44,53/100,23/32
14082,14,47/100,24/32
12750,33,53/100,24/32
11602,38,56/100,18/32
13787,8,49/100,14/32
13180,138,54/100,17/32
13316,138,51/100,18/32
12562,27,61/100,19/32
12256,81,55/100,17/32
13071,124,60/100,23/32
11568,38,51/100,18/32
10091,114,53/100,24/32
10090,23,56/100,19/32
12727,32,63/100,23/32
13191,99,51/100,25/32
13948,117,47/100,13/32
10200,94,61/100,19/32
13738,100,44/100,24/32
12893,127,53/100,23/32
10588,64,54/100,18/32
11961,121,52/100,23/32
10622,48,67/100,20/32
12450,83,53/100,21/32
13878,16,44/100,18/32
11737,16,59/100,20/32
10626,60,57/100,19/32
11902,30,64/100,17/32
14066,12,51/100,14/32
10361,64,65/100,24/32
10095,104,60/100,20/32
14578,27,48/100,19/32
11539,51,63/100,25/32
12875,77,61/100,23/32
10436,14,56/100,18/32
10442,102,60/100,20/32
10357,6,54/100,21/32
13143,89,61/100,23/32
10044,94,58/100,24/32
13782,51,55/100,14/32
12914,124,55/100,23/32
13986,117,45/100,19/32
13776,44,38/100,24/32
12581,67,58/100,22/32
13352,89,63/100,22/32
11719,84,64/100,22/32
13163,25,63/100,17/32
13150,55,57/100,19/32
12863,10,62/100,16/32
10318,18,53/100,17/32
11968,69,54/100,26/32
14580,67,49/100,22/32
14027,26,38/100,17/32
13529,94,47/100,25/32
11321,135,54/100,16/32
13149,56,59/100,22/32
13451,56,49/100,25/32
10206,72,61/100,17/32
14058,14,49/100,28/32
14701,32,39/100,16/32
11867,5,66/100,22/32
12790,137,53/100,21/32
14369,3,57/100,14/32
14677,139,49/100,23/32
12929,10,61/100,23/32
11725,97,51/100,21/32
12770,145,52/100,21/32
11635,2,61/100,20/32
13371,25,58/100,22/32
13657,71,66/100,9/32
11560,44,62/100,22/32
12028,59,51/100,19/32
11016,7,54/100,27/32
11289,21,53/100,23/32
11239,78,53/100,20/32
13541,122,39/100,19/32
10045,131,58/100,15/32
13526,72,47/100,24/32
10930,20,58/100,23/32
12192,93,60/100,22/32
11448,38,63/100,23/32
10660,20,60/100,18/32
10116,104,52/100,18/32
14824,32,59/100,14/32
12323,101,56/100,19/32
13142,56,55/100,26/32
14470,146,42/100,19/32
14471,88,53/100,13/32
12370,101,54/100,20/32
13056,10,53/100,22/32
13225,116,57/100,19/32
12713,9,56/100,18/32
12610,133,59/100,20/32
14825,9,46/100,21/32
12138,42,60/100,28/32
11636,90,52/100,20/32
13342,138,60/100,15/32
13828,103,52/100,13/32
14090,6,45/100,20/32
11116,63,68/100,17/32
14736,110,49/100,21/32
11591,38,55/100,16/32
12486,106,55/100,19/32
12109,111,54/100,20/32
10834,130,62/100,26/32
13974,117,49/100,20/32
13871,44,49/100,24/32
12294,42,58/100,26/32
12277,140,59/100,22/32
14653,29,45/100,23/32
10652,7,67/100,19/32
10722,7,65/100,18/32
12023,128,57/100,18/32
10978,20,63/100,21/32
13834,22,52/100,10/32
10824,142,70/100,18/32
12563,54,65/100,22/32
12489,29,65/100,24/32
12354,88,56/100,17/32
11498,103,56/100,17/32
14230,48,43/100,16/32
14069,102,54/100,10/32
12119,98,54/100,22/32
11398,22,55/100,26/32
14159,7,52/100,14/32
12348,1,58/100,21/32
11864,82,55/100,21/32
11259,49,62/100,21/32
11839,117,53/100,23/32
11936,121,64/100,20/32
13958,58,41/100,15/32
13414,116,49/100,23/32
12926,143,55/100,18/32
12858,108,53/100,24/32
13030,115,57/100,23/32
12958,124,56/100,26/32
12642,87,59/100,20/32
12884,108,50/100,17/32
11490,79,51/100,20/32
14650,4,43/100,19/32
14431,140,55/100,12/32
14374,3,48/100,17/32
11128,41,58/100,21/32
12342,81,55/100,21/32
11559,44,72/100,22/32
11911,111,61/100,25/32
13973,97,64/100,13/32
12513,149,60/100,24/32
14743,9,45/100,17/32
12557,149,64/100,20/32
11038,41,63/100,19/32
12524,129,59/100,23/32
12037,59,59/100,19/32
13754,80,45/100,24/32
13162,89,51/100,24/32
10143,76,62/100,15/32
12514,129,55/100,17/32
10430,12,56/100,18/32
14811,43,54/100,12/32
14400,98,47/100,17/32
12055,3,56/100,15/32
12993,108,57/100,18/32
10161,74,57/100,20/32
14341,62,46/100,22/32
11571,8,50/100,22/32
10264,74,53/100,23/32
12313,81,53/100,18/32
10650,107,54/100,17/32
13313,134,59/100,19/32
11247,21,51/100,26/32
13108,124,62/100,20/32
11098,142,59/100,24/32
10724,19,58/100,21/32
14837,110,43/100,17/32
12732,61,59/100,15/32
11088,130,51/100,22/32
10656,107,59/100,20/32
11441,103,52/100,26/32
10328,6,58/100,23/32
10493,92,60/100,21/32
10263,104,53/100,17/32
13598,74,49/100,19/32
14106,148,46/100,20/32
14933,127,47/100,19/32
10111,131,56/100,18/32
14738,17,45/100,20/32
10299,120,58/100,20/32
13130,13,52/100,19/32
13610,91,47/100,25/32
13884,84,67/100,13/32
12567,4,53/100,18/32
11793,5,67/100,17/32
11320,100,52/100,25/32
12054,59,57/100,22/32
12476,129,65/100,20/32
12183,123,53/100,17/32
10594,113,51/100,25/32
11918,136,63/100,21/32
14624,27,49/100,22/32
13237,25,59/100,18/32
12389,83,57/100,15/32
10920,19,62/100,25/32
12547,83,60/100,24/32
12733,43,62/100,21/32
11241,80,67/100,21/32
11364,21,56/100,21/32
14427,147,44/100,21/32
12744,17,51/100,21/32
13892,84,43/100,21/32
11801,84,54/100,21/32
13821,8,45/100,19/32
13777,79,46/100,18/32
10584,39,60/100,22/32
10194,122,51/100,22/32
12180,42,52/100,22/32
13358,112,62/100,16/32
13255,25,51/100,17/32
11627,8,58/100,21/32
12428,50,62/100,23/32
13511,94,52/100,14/32
13068,125,60/100,17/32
11565,95,61/100,23/32
13253,13,55/100,23/32
13344,56,56/100,21/32
10139,94,57/100,18/32
11644,103,52/100,21/32
13542,94,48/100,21/32
12168,147,50/100,17/32
11148,63,55/100,21/32
10870,63,65/100,20/32
10461,92,58/100,22/32
12837,145,56/100,22/32
13070,143,51/100,22/32
12297,15,63/100,26/32
10291,131,59/100,18/32
11012,7,59/100,20/32
12325,147,51/100,18/32
10552,18,52/100,16/32
12473,54,65/100,17/32
10388,12,62/100,21/32
10954,19,58/100,19/32
12517,53,55/100,19/32
12274,146,55/100,16/32
12017,111,52/100,20/32
10314,64,57/100,19/32
11519,103,57/100,27/32
10290,131,57/100,18/32
12380,54,54/100,17/32
12475,83,57/100,22/32
12786,70,54/100,20/32
12242,147,54/100,23/32
12480,27,60/100,17/32
10384,102,54/100,20/32
10812,60,66/100,18/32
12944,75,58/100,20/32
14502,123,41/100,20/32
10241,131,73/100,22/32
11260,49,53/100,18/32
12708,145,52/100,23/32
13935,58,48/100,28/32
13473,151,48/100,26/32
11530,95,68/100,22/32
14052,6,44/100,19/32
11478,86,65/100,24/32
11395,118,50/100,19/32
13103,57,54/100,22/32
13246,13,55/100,19/32
11855,52,65/100,23/32
14968,10,50/100,14/32
12670,87,60/100,17/32
12214,146,53/100,16/32
13649,122,59/100,12/32
12464,149,58/100,17/32
13880,58,48/100,17/32
10435,92,51/100,16/32
11739,11,62/100,24/32
12047,98,63/100,25/32
13226,89,57/100,18/32
13361,134,62/100,21/32
12715,17,57/100,19/32
10575,113,61/100,21/32
10054,23,51/100,23/32
13262,89,64/100,19/32
10414,6,62/100,19/32
13861,86,48/100,20/32
14199,60,48/100,21/32
14826,34,66/100,13/32
10344,68,51/100,20/32
12356,42,50/100,23/32
14221,141,60/100,14/32
12518,67,58/100,19/32
12615,9,59/100,23/32
10375,14,52/100,17/32
14989,65,60/100,24/32
13123,56,63/100,15/32
11981,3,61/100,22/32
11164,63,57/100,20/32
11074,48,55/100,21/32
13620,144,62/100,8/32
10874,19,55/100,21/32
12179,147,55/100,25/32
13809,118,61/100,13/32
10774,20,60/100,20/32
13353,55,64/100,24/32
12643,17,56/100,17/32
11334,21,54/100,17/32
13611,120,48/100,20/32
10498,6,53/100,21/32
10672,20,52/100,24/32
11851,5,51/100,16/32
10447,6,50/100,20/32
11563,44,50/100,16/32
12831,70,57/100,17/32
10352,64,66/100,21/32
10171,94,57/100,22/32
14831,110,41/100,24/32
12125,123,51/100,19/32
12775,9,58/100,15/32
13368,99,52/100,20/32
12053,98,57/100,20/32
14019,12,49/100,20/32
11400,118,56/100,20/32
13534,74,51/100,12/32
14908,115,48/100,19/32
12918,108,53/100,23/32
14342,121,45/100,23/32
12038,40,64/100,22/32
12950,126,50/100,20/32
10896,41,50/100,24/32
10483,14,58/100,21/32
12288,146,50/100,21/32
13002,10,64/100,24/32
13086,125,64/100,24/32
10908,63,53/100,22/32
12010,150,62/100,23/32
11777,97,50/100,16/32
12507,106,69/100,24/32
13619,74,47/100,20/32
11800,152,63/100,19/32
12133,1,62/100,18/32
14809,110,48/100,23/32
12747,17,68/100,16/32
10372,68,54/100,21/32
11731,11,52/100,21/32
11891,62,63/100,21/32
11564,38,52/100,20/32
13007,10,50/100,21/32
11146,107,59/100,22/32
11140,20,57/100,21/32
13823,22,41/100,27/32
13815,51,48/100,21/32
11284,78,58/100,15/32
11184,19,52/100,18/32
11558,44,61/100,22/32
13977,117,49/100,17/32
11471,95,64/100,18/32
10014,131,51/100,21/32
10332,64,58/100,21/32
10082,94,59/100,15/32
10261,72,54/100,21/32
14874,126,46/100,26/32
14529,88,49/100,23/32
10482,35,52/100,22/32
14115,18,42/100,19/32
14284,24,49/100,18/32
13270,36,55/100,23/32
14333,128,54/100,14/32
14208,41,58/100,14/32
11840,84,68/100,18/32
11977,150,52/100,22/32
11557,51,50/100,20/32
11892,121,54/100,24/32
11650,66,62/100,24/32
10780,20,62/100,22/32
13129,89,57/100,19/32
11452,44,64/100,18/32
11729,11,69/100,21/32
11439,90,50/100,20/32
10970,7,53/100,23/32
12390,4,50/100,23/32
11870,96,61/100,17/32
13039,75,53/100,23/32
10225,91,55/100,15/32
14739,31,40/100,16/32
11206,141,63/100,16/32
10726,107,59/100,18/32
11549,86,64/100,21/32
12961,65,53/100,18/32
10020,122,56/100,18/32
14043,26,54/100,12/32
13785,38,49/100,20/32
10525,26,53/100,20/32
12501,106,54/100,22/32
14841,87,57/100,11/32
11656,84,56/100,19/32
10340,18,55/100,17/32
13265,134,54/100,18/32
12275,140,55/100,22/32
13794,51,49/100,18/32
13444,116,49/100,14/32
14346,150,51/100,13/32
14440,146,48/100,22/32
14293,136,49/100,17/32
13219,25,64/100,25/32
13364,36,59/100,20/32
11769,84,56/100,21/32
11782,119,65/100,20/32
13486,138,48/100,23/32
14709,61,48/100,24/32
12421,29,56/100,21/32
12430,29,59/100,19/32
11010,107,61/100,21/32
14978,127,45/100,22/32
12599,31,60/100,19/32
13006,127,53/100,17/32
10521,26,53/100,16/32
14902,10,47/100,23/32
13431,116,43/100,18/32
12686,133,54/100,23/32
12484,27,61/100,15/32
11669,5,54/100,26/32
13493,13,49/100,20/32
14649,139,45/100,21/32
14339,59,48/100,24/32
11018,141,54/100,17/32
14349,30,42/100,16/32
11503,38,53/100,23/32
11158,141,61/100,24/32
10386,6,60/100,27/32
14592,29,43/100,26/32
12298,1,61/100,15/32
11865,58,58/100,19/32
12103,121,63/100,22/32
11789,119,53/100,20/32
10517,39,51/100,24/32
13260,134,52/100,18/32
13081,10,57/100,20/32
12685,61,57/100,22/32
12307,147,54/100,20/32
10207,114,68/100,22/32
13402,25,44/100,20/32
11446,86,60/100,20/32
11438,79,52/100,21/32
14370,111,56/100,14/32
10470,113,54/100,23/32
12660,17,58/100,19/32
14218,107,47/100,23/32
12665,9,53/100,19/32
12925,125,57/100,21/32
10996,63,62/100,19/32
12488,54,59/100,19/32
10576,113,68/100,24/32
13482,138,49/100,23/32
12554,139,52/100,16/32
13684,80,36/100,20/32
11411,103,54/100,18/32
13109,65,60/100,26/32
10364,18,55/100,23/32
11200,48,52/100,21/32
14625,139,48/100,21/32
13355,13,61/100,20/32
11964,150,58/100,18/32
11940,98,50/100,19/32
12143,47,54/100,16/32
10060,23,59/100,25/32
12126,73,55/100,25/32
12120,136,65/100,20/32
12607,87,61/100,20/32
11766,58,51/100,24/32
10413,12,54/100,23/32
12271,42,53/100,23/32
13231,134,53/100,22/32
13280,112,61/100,19/32
11190,48,51/100,19/32
13324,36,60/100,20/32
11307,135,58/100,17/32
12558,67,52/100,27/32
12194,140,57/100,27/32
13125,89,61/100,21/32
11794,82,54/100,24/32
10562,102,50/100,21/32
13951,58,67/100,11/32
11345,85,53/100,21/32
10117,131,62/100,22/32
12718,133,60/100,24/32
10876,20,59/100,20/32
13155,134,57/100,16/32
12219,147,51/100,19/32
10187,114,59/100,18/32
11367,135,63/100,20/32
10534,14,51/100,17/32
13849,86,49/100,21/32
12300,81,55/100,20/32
10990,107,60/100,22/32
11822,11,51/100,21/32
11311,85,58/100,19/32
12761,110,63/100,22/32
12503,106,52/100,21/32
11237,71,58/100,21/32
12584,50,53/100,19/32
13325,55,50/100,17/32
11227,80,61/100,24/32
12057,62,50/100,18/32
14330,136,46/100,19/32
11078,48,58/100,20/32
12843,87,60/100,17/32
12213,140,54/100,24/32
13730,21,45/100,26/32
11703,66,54/100,24/32
12106,30,61/100,22/32
10632,24,58/100,24/32
13866,8,44/100,23/32
10758,41,53/100,19/32
14870,127,68/100,10/32
10682,41,59/100,19/32
10271,94,55/100,18/32
13885,119,52/100,14/32
10217,122,52/100,23/32
11958,69,57/100,21/32
11522,51,68/100,16/32
13293,36,53/100,17/32
10047,114,62/100,21/32
10495,102,60/100,23/32
11741,96,51/100,18/32
13710,21,41/100,20/32
14992,125,54/100,22/32
11281,71,56/100,21/32
10393,148,57/100,18/32
11150,141,68/100,19/32
10011,122,50/100,22/32
14747,110,49/100,19/32
14977,126,42/100,23/32
10972,63,57/100,17/32
12653,34,63/100,23/32
11162,142,50/100,16/32
10828,48,61/100,21/32
12916,124,54/100,18/32
14595,54,45/100,21/32
11982,62,53/100,22/32
14889,108,39/100,21/32
12158,47,52/100,19/32
12451,139,54/100,20/32
13175,151,51/100,19/32
11900,150,53/100,22/32
12977,124,50/100,17/32
13993,109,47/100,23/32
11524,79,61/100,20/32
13000,125,66/100,20/32
11212,141,50/100,25/32
10590,39,68/100,23/32
10674,63,51/100,25/32
13647,74,52/100,12/32
12647,87,53/100,22/32
13729,80,39/100,21/32
12391,29,50/100,23/32
10051,131,56/100,18/32
12415,54,55/100,24/32
12758,61,55/100,19/32
13723,45,46/100,17/32
13434,112,46/100,19/32
11744,152,64/100,16/32
14661,83,49/100,16/32
11780,58,59/100,19/32
12212,15,58/100,21/32
12200,147,56/100,18/32
13343,134,60/100,23/32
11953,121,55/100,16/32
12991,75,70/100,20/32
10365,37,59/100,18/32
11545,22,55/100,20/32
12424,50,57/100,21/32
12927,57,58/100,19/32
11623,2,62/100,22/32
10595,148,54/100,23/32
12827,32,56/100,19/32
10102,76,55/100,24/32
13660,21,45/100,22/32
12805,9,57/100,22/32
13199,151,56/100,18/32
10557,6,50/100,15/32
14778,17,49/100,23/32
11358,45,61/100,18/32
11512,90,54/100,24/32
12826,34,53/100,20/32
14863,124,46/100,18/32
14310,128,49/100,26/32
12361,73,60/100,17/32
12129,146,54/100,16/32
12915,115,57/100,20/32
11657,16,53/100,18/32
13254,116,56/100,21/32
12809,31,50/100,17/32
14844,145,42/100,20/32
10226,104,59/100,17/32
12437,54,52/100,16/32
14591,27,56/100,11/32
11633,2,61/100,20/32
12815,46,54/100,15/32
10564,37,53/100,19/32
11980,121,59/100,24/32
14389,40,46/100,24/32
11022,142,54/100,17/32
11388,45,53/100,25/32
13347,89,50/100,20/32
14063,14,48/100,18/32
11868,117,59/100,22/32
10460,12,67/100,26/32
12724,133,54/100,21/32
11592,79,60/100,23/32
14742,110,54/100,14/32
12322,93,52/100,24/32
12465,106,63/100,21/32
12956,125,50/100,19/32
11735,52,50/100,20/32
10638,19,57/100,26/32
12291,140,52/100,17/32
10338,68,53/100,19/32
12472,106,55/100,15/32
12608,110,64/100,23/32
12751,9,64/100,20/32
13349,151,51/100,22/32
13838,44,47/100,18/32
13370,36,67/100,29/32
11310,45,54/100,17/32
11677,5,58/100,20/32
12935,57,55/100,21/32
10539,37,57/100,23/32
11807,84,58/100,23/32
12572,149,54/100,19/32
11692,97,60/100,22/32
10164,122,52/100,27/32
10050,114,54/100,21/32
11486,38,58/100,15/32
10700,107,61/100,15/32
12495,129,60/100,23/32
11944,98,58/100,22/32
13306,134,59/100,18/32
12099,150,52/100,22/32
13864,22,58/100,10/32
13205,134,58/100,21/32
11762,16,58/100,23/32
12400,29,61/100,22/32
14225,63,56/100,8/32
12794,32,60/100,25/32
10600,37,67/100,16/32
10216,76,69/100,19/32
14967,65,49/100,23/32
14698,139,49/100,17/32
12429,106,59/100,18/32
12409,149,60/100,23/32
11408,95,57/100,18/32
10579,37,53/100,28/32
12208,73,56/100,20/32
11618,90,53/100,15/32
11959,62,58/100,20/32
10076,132,61/100,18/32
11054,48,53/100,18/32
12702,17,54/100,20/32
13089,126,56/100,15/32
11360,135,61/100,20/32
12467,149,69/100,22/32
10519,92,62/100,22/32
11521,103,75/100,24/32
13050,77,59/100,25/32
10684,63,57/100,21/32
12896,108,65/100,23/32
14975,75,47/100,22/32
11660,117,57/100,21/32
12682,34,61/100,23/32
10794,130,53/100,24/32
12090,69,53/100,24/32
14125,37,39/100,20/32
13314,105,60/100,26/32
13396,56,48/100,14/32
14623,83,37/100,11/32
12953,127,52/100,19/32
12849,108,59/100,26/32
12667,145,57/100,23/32
11609,51,54/100,19/32
13923,58,46/100,16/32
14457,147,46/100,12/32
10038,74,51/100,25/32
10404,102,59/100,19/32
10021,23,53/100,19/32
10644,63,58/100,18/32
11495,103,65/100,20/32
14347,3,47/100,20/32
12375,42,56/100,20/32
14186,63,38/100,21/32
13271,36,53/100,23/32
11704,152,56/100,24/32
14804,145,48/100,25/32
12632,43,55/100,25/32
10189,94,50/100,16/32
11294,100,50/100,22/32
12690,133,55/100,16/32
11583,38,60/100,21/32
13133,99,52/100,21/32
12692,110,55/100,20/32
12975,108,53/100,17/32
12796,70,58/100,15/32
11770,96,65/100,19/32
10080,104,52/100,18/32
11590,90,54/100,18/32
10894,142,64/100,16/32
13527,94,42/100,14/32
10046,144,60/100,20/32
13553,23,44/100,19/32
10298,120,51/100,21/32
12923,126,54/100,22/32
12289,101,55/100,22/32
12589,139,68/100,20/32
13110,124,63/100,28/32
12493,50,55/100,15/32
12705,110,67/100,26/32
10424,68,51/100,24/32
13245,36,58/100,25/32
10376,26,55/100,18/32
11869,84,59/100,15/32
13552,76,49/100,18/32
14089,18,43/100,21/32
13709,45,45/100,17/32
12312,42,59/100,19/32
11550,90,50/100,17/32
12804,43,64/100,21/32
10540,26,57/100,19/32
11624,118,67/100,23/32
10620,141,60/100,17/32
12729,145,51/100,23/32
12882,124,60/100,22/32
14110,39,48/100,22/32
12445,129,60/100,25/32
11440,90,61/100,16/32
11249,21,57/100,23/32
14142,68,43/100,14/32
10247,122,57/100,17/32
14045,12,49/100,18/32
12650,87,57/100,25/32
11385,45,56/100,24/32
10800,41,63/100,19/32
12701,9,62/100,23/32
13394,112,40/100,25/32
10960,130,50/100,18/32
10119,132,65/100,16/32
12279,28,67/100,23/32
12207,1,50/100,20/32
12900,115,51/100,23/32
12731,32,58/100,21/32
14250,48,43/100,25/32
14955,126,47/100,22/32
10330,18,54/100,19/32
10716,63,59/100,22/32
14464,88,47/100,22/32
14098,18,42/100,23/32
10292,74,50/100,16/32
10276,104,57/100,18/32
13121,36,59/100,20/32
12026,59,55/100,24/32
14432,123,70/100,14/32
11293,21,54/100,20/32
12225,146,53/100,22/32
10303,113,58/100,22/32
13825,95,47/100,19/32
10984,19,56/100,15/32
12107,111,58/100,18/32
13904,5,45/100,19/32
10235,122,56/100,24/32
13083,115,52/100,18/32
11433,103,59/100,23/32
13403,99,47/100,17/32
10024,131,63/100,22/32
12122,98,51/100,20/32
14720,70,49/100,19/32
13181,112,62/100,22/32
13592,76,42/100,29/32
11464,2,59/100,21/32
14262,41,49/100,16/32
14150,130,48/100,25/32
12153,28,56/100,25/32
10538,14,60/100,15/32
11323,78,72/100,22/32
12115,3,61/100,16/32
12227,146,50/100,21/32
10448,6,63/100,25/32
11683,117,54/100,23/32
13421,105,45/100,17/32
14302,62,53/100,14/32
13635,104,45/100,19/32
10154,131,56/100,24/32
12413,53,59/100,17/32
13329,105,62/100,17/32
14566,29,43/100,20/32
12218,101,59/100,19/32
12165,1,64/100,26/32
11676,109,52/100,18/32
11852,84,64/100,19/32
10383,12,57/100,18/32
10892,130,61/100,22/32
14083,37,48/100,22/32
12365,42,50/100,24/32
13972,16,44/100,22/32
10165,94,51/100,17/32
12110,62,63/100,22/32
10178,23,55/100,25/32
11757,97,61/100,19/32
10201,132,53/100,25/32
10109,144,51/100,22/32
14189,24,48/100,17/32
12210,146,67/100,18/32
11363,49,52/100,21/32
10582,148,59/100,18/32
12267,42,52/100,19/32
14940,75,45/100,20/32
10940,41,51/100,20/32
14337,111,45/100,15/32
10145,144,52/100,27/32
14461,15,48/100,20/32
14991,115,43/100,24/32
13159,25,65/100,21/32
14767,34,50/100,14/32
13307,105,53/100,20/32
10089,114,67/100,20/32
10237,23,55/100,17/32
13140,55,62/100,23/32
12574,4,68/100,15/32
14239,130,47/100,23/32
13914,84,46/100,25/32
13064,127,54/100,21/32
10585,35,53/100,22/32
13001,126,52/100,20/32
12196,1,56/100,17/32
10374,35,58/100,19/32
13984,119,40/100,26/32
11705,117,53/100,16/32
14334,69,49/100,17/32
13016,108,55/100,19/32
10459,6,56/100,16/32
10549,26,59/100,18/32
12652,9,52/100,21/32
11369,80,55/100,21/32
12002,30,57/100,22/32
10599,26,57/100,23/32
12162,146,66/100,15/32
14875,10,48/100,22/32
12541,129,61/100,22/32
14881,10,47/100,19/32
10005,94,57/100,18/32
12456,29,61/100,20/32
11984,128,51/100,22/32
13480,116,55/100,14/32
12793,70,54/100,22/32
14013,37,45/100,20/32
14037,12,46/100,16/32
13337,151,56/100,18/32
12036,150,55/100,15/32
13227,134,58/100,21/32
12252,146,60/100,21/32
10474,92,62/100,17/32
14729,70,44/100,13/32
10137,76,60/100,21/32
12605,33,64/100,17/32
13059,57,66/100,19/32
13156,151,50/100,24/32
10105,122,58/100,21/32
14495,101,60/100,13/32
12982,115,59/100,23/32
11488,2,60/100,22/32
11381,100,66/100,22/32
10607,113,59/100,21/32
13556,94,44/100,15/32
13528,23,44/100,20/32
10180,122,54/100,18/32
12566,149,53/100,21/32
13201,134,53/100,18/32
14909,127,49/100,24/32
13899,5,48/100,11/32
12992,143,63/100,21/32
13678,71,36/100,21/32
13173,112,54/100,24/32
11216,45,58/100,26/32
12812,43,66/100,19/32
10071,23,67/100,19/32
10462,68,51/100,18/32
14269,60,52/100,13/32
12819,31,64/100,21/32
10104,120,60/100,20/32
10242,120,53/100,15/32
14835,110,49/100,21/32
11457,38,60/100,25/32
12590,27,52/100,20/32
13514,91,57/100,13/32
10115,72,59/100,21/32
12392,67,50/100,15/32
10028,122,58/100,19/32
12384,83,54/100,19/32
13932,16,49/100,24/32
14212,130,62/100,12/32
14130,6,41/100,21/32
13863,2,46/100,21/32
13826,118,62/100,14/32
13118,115,51/100,22/32
13485,151,47/100,11/32
10980,48,56/100,19/32
13554,94,42/100,20/32
13320,134,53/100,20/32
14381,59,49/100,21/32
12434,50,58/100,21/32
11397,38,51/100,23/32
13202,134,70/100,19/32
14541,28,49/100,18/32
10367,12,57/100,25/32
12602,87,56/100,20/32
11221,100,54/100,21/32
12377,106,65/100,20/32
12155,88,52/100,21/32
13662,45,40/100,22/32
14818,87,57/100,12/32
12583,50,57/100,24/32
12460,4,70/100,22/32
11337,80,53/100,20/32
12247,88,62/100,20/32
10239,132,56/100,19/32
10974,141,52/100,17/32
11831,58,53/100,21/32
11723,84,52/100,24/32
10900,48,62/100,19/32
10868,7,58/100,20/32
14123,14,47/100,20/32
14668,4,57/100,14/32
12455,106,56/100,19/32
12443,106,53/100,17/32
14638,53,61/100,14/32
14267,48,48/100,24/32
14842,61,47/100,24/32
13411,99,44/100,16/32
10173,76,52/100,17/32
12046,40,51/100,23/32
13340,151,51/100,23/32
12383,54,53/100,18/32
12964,77,52/100,21/32
14289,20,67/100,13/32
12968,126,61/100,25/32
10922,107,56/100,18/32
11962,69,58/100,17/32
13898,97,50/100,14/32
12080,111,54/100,18/32
13954,119,65/100,14/32
11234,45,63/100,15/32
10571,35,56/100,23/32
11265,100,65/100,21/32
14770,17,64/100,12/32
13687,85,60/100,14/32
13126,112,55/100,16/32
12186,146,51/100,15/32
13630,23,41/100,21/32
14587,53,41/100,18/32
10248,122,63/100,26/32
10167,144,58/100,16/32
13186,56,59/100,24/32
10572,102,63/100,18/32
11788,11,54/100,15/32
11096,142,51/100,18/32
11403,79,56/100,20/32
13182,134,57/100,23/32
14761,34,44/100,19/32
12132,101,60/100,25/32
11302,85,64/100,22/32
10481,113,54/100,17/32
14324,150,49/100,21/32
14537,123,43/100,21/32
10450,113,51/100,26/32
10343,14,54/100,19/32
14630,50,39/100,24/32
14956,10,46/100,19/32
12100,3,65/100,21/32
14146,48,49/100,17/32
10199,94,57/100,23/32
11916,150,56/100,23/32
14287,48,60/100,14/32
13079,77,66/100,23/32
13548,76,57/100,11/32
10013,144,62/100,23/32
13096,77,50/100,21/32
12117,69,53/100,20/32
12669,9,60/100,25/32
14153,63,44/100,26/32
12678,87,60/100,20/32
11496,103,50/100,17/32
11228,100,63/100,18/32
11759,97,54/100,24/32
11854,58,55/100,17/32
14117,68,43/100,21/32
10496,64,57/100,21/32
10854,107,50/100,15/32
13641,104,44/100,22/32
12769,33,63/100,18/32
12800,87,51/100,15/32
10223,114,58/100,25/32
10434,148,61/100,24/32
12013,62,53/100,20/32
14296,62,43/100,25/32
14011,35,44/100,16/32
12145,1,64/100,15/32
10690,107,52/100,16/32
11499,86,60/100,24/32
13459,55,46/100,23/32
12811,33,57/100,24/32
11402,86,60/100,18/32
11415,103,57/100,19/32
12349,88,62/100,26/32
12177,93,61/100,23/32
11428,95,52/100,23/32
11429,67,47/100,20/32
10618,19,55/100,22/32
13400,138,38/100,17/32
14575,27,43/100,21/32
13938,109,49/100,17/32
11485,95,60/100,20/32
11120,130,54/100,19/32
11930,150,61/100,16/32
10073,144,57/100,20/32
10738,48,58/100,15/32
10142,76,50/100,24/32
13574,131,43/100,21/32
14466,101,41/100,23/32
10151,76,73/100,20/32
13455,151,49/100,11/32
14015,102,49/100,20/32
12552,106,60/100,19/32
12191,88,51/100,17/32
11746,52,61/100,22/32
10204,132,60/100,22/32
11269,135,54/100,19/32
10527,148,56/100,19/32
10399,12,58/100,22/32
12707,33,58/100,18/32
12166,101,60/100,23/32
10238,23,61/100,23/32
12614,32,55/100,20/32
10782,142,52/100,21/32
13017,127,53/100,20/32
12720,70,50/100,24/32
10311,64,61/100,23/32
12683,87,59/100,17/32
11639,90,65/100,15/32
14205,41,56/100,10/32
13185,25,56/100,20/32
10266,23,61/100,21/32
11250,45,50/100,18/32
12890,124,60/100,23/32
10172,104,58/100,22/32
14359,30,49/100,15/32
10188,74,66/100,20/32
14411,121,46/100,19/32
14517,88,57/100,13/32
13805,79,47/100,20/32
12813,87,50/100,22/32
12636,17,65/100,20/32
12797,70,64/100,20/32
10484,6,70/100,15/32
12116,69,51/100,21/32
11919,136,52/100,16/32
13055,115,58/100,18/32
10425,39,62/100,17/32
11836,11,51/100,23/32
13558,72,44/100,25/32
14719,145,48/100,17/32
10680,41,61/100,23/32
12056,3,62/100,22/32
12564,149,56/100,16/32
11233,100,62/100,18/32
11824,11,58/100,20/32
11871,84,58/100,15/32
14476,28,52/100,14/32
11934,150,55/100,21/32
11514,118,68/100,16/32
13691,78,42/100,16/32
10219,114,56/100,25/32
10500,12,62/100,19/32
14762,43,45/100,17/32
11229,71,53/100,24/32
10373,68,52/100,18/32
14152,60,34/100,17/32
12137,73,62/100,22/32
10112,74,61/100,22/32
12866,127,52/100,17/32
13925,5,44/100,15/32
11827,5,61/100,19/32
14350,69,55/100,12/32
10934,7,56/100,20/32
10170,74,52/100,21/32
10532,102,55/100,23/32
12530,27,60/100,19/32
12877,77,55/100,25/32
10049,94,50/100,19/32
13545,131,37/100,19/32
13273,151,50/100,22/32
13134,89,68/100,25/32
11327,49,55/100,17/32
13102,125,58/100,24/32
13166,13,51/100,19/32
11829,5,55/100,23/32
14681,27,55/100,14/32
10163,114,54/100,24/32
13700,78,48/100,21/32
14447,47,46/100,22/32
10008,104,51/100,19/32
11843,119,51/100,23/32
10335,37,53/100,26/32
10986,7,54/100,16/32
12509,149,59/100,25/32
10830,60,51/100,15/32
12243,42,54/100,19/32
10377,92,57/100,16/32
14533,28,47/100,20/32
12921,10,52/100,26/32
12787,46,56/100,23/32
11601,2,58/100,18/32
11188,63,65/100,21/32
12772,110,65/100,24/32
13282,56,59/100,22/32
13779,103,47/100,20/32
11534,22,55/100,20/32
14198,24,41/100,15/32
13261,55,59/100,22/32
11575,95,66/100,18/32
10966,7,58/100,19/32
12232,42,68/100,17/32
12029,30,50/100,18/32
12471,53,54/100,20/32
13303,134,58/100,19/32
11122,24,58/100,24/32
13436,105,47/100,20/32
14752,110,50/100,12/32
12001,150,58/100,23/32
11709,66,53/100,19/32
10059,114,58/100,19/32
12190,47,50/100,17/32
14936,10,47/100,18/32
12250,93,55/100,19/32
13365,55,61/100,21/32
13147,116,51/100,20/32
13609,91,48/100,23/32
12672,34,59/100,15/32
14855,10,46/100,21/32
11856,97,62/100,17/32
14914,10,49/100,23/32
14861,115,52/100,14/32
12273,15,51/100,24/32
12949,124,68/100,22/32
14247,48,45/100,23/32
12742,70,57/100,17/32
11752,119,59/100,20/32
11263,21,55/100,23/32
11712,84,55/100,22/32
12454,29,62/100,22/32
13024,10,50/100,20/32
10467,39,56/100,19/32
12663,31,63/100,26/32
13870,86,48/100,24/32
14879,127,57/100,14/32
10085,120,53/100,21/32
10288,72,68/100,23/32
12588,149,72/100,17/32
10524,39,52/100,21/32
14847,75,53/100,14/32
10254,91,51/100,20/32
12681,34,63/100,18/32
14291,141,43/100,21/32
11629,8,61/100,25/32
10914,63,63/100,15/32
13073,77,58/100,26/32
13351,25,51/100,20/32
12822,61,55/100,21/32
14569,106,49/100,17/32
12861,108,58/100,23/32
14366,150,53/100,14/32
10224,144,61/100,18/32
12496,54,58/100,20/32
11168,107,63/100,15/32
14373,98,39/100,23/32
14407,59,48/100,24/32
11917,59,60/100,15/32
12936,125,56/100,17/32
13027,115,51/100,17/32
11992,62,51/100,24/32
10101,132,58/100,18/32
14242,19,47/100,22/32
12671,70,55/100,15/32
10268,122,60/100,21/32
11749,66,56/100,15/32
14830,110,40/100,18/32
10416,102,55/100,23/32
14784,34,49/100,11/32
13076,127,58/100,21/32
11114,130,56/100,19/32
10202,131,64/100,20/32
14619,54,46/100,17/32
11062,130,56/100,18/32
14546,1,48/100,26/32
12231,15,51/100,16/32
12657,133,54/100,16/32
13372,151,55/100,23/32
11620,79,58/100,26/32
10023,76,60/100,20/32
10944,63,56/100,16/32
12954,10,54/100,20/32
10882,7,57/100,25/32
12086,59,50/100,22/32
13294,138,52/100,21/32
10056,144,69/100,24/32
12030,40,65/100,19/32
12844,9,60/100,25/32
13646,122,49/100,20/32
13918,16,47/100,20/32
12387,54,51/100,25/32
13579,74,48/100,19/32
11361,100,56/100,22/32
14487,147,45/100,20/32
14615,54,48/100,19/32
10131,91,60/100,26/32
14586,50,48/100,23/32
12071,62,59/100,17/32
10603,68,59/100,18/32
12989,143,60/100,18/32
11422,95,59/100,21/32
12637,34,68/100,17/32
13243,56,63/100,15/32
10411,26,60/100,15/32
11172,130,60/100,23/32
10135,132,62/100,18/32
10856,63,51/100,20/32
13004,77,62/100,22/32
14834,110,53/100,13/32
12164,73,51/100,23/32
14611,29,46/100,17/32
14387,150,49/100,24/32
12696,33,54/100,17/32
11325,71,56/100,16/32
12997,77,52/100,23/32
13443,112,45/100,16/32
12739,70,53/100,18/32
10702,48,51/100,22/32
10182,122,57/100,27/32
11785,119,51/100,20/32
10186,131,65/100,26/32
13037,143,50/100,21/32
10353,92,66/100,17/32
12093,136,69/100,22/32
11178,107,53/100,15/32
10061,91,65/100,22/32
11907,3,56/100,17/32
11830,152,57/100,17/32
10602,6,58/100,23/32
13013,108,65/100,17/32
14667,106,56/100,13/32
14105,35,51/100,14/32
13404,36,42/100,26/32
10381,39,55/100,22/32
13057,126,61/100,24/32
13850,44,49/100,21/32
12461,139,58/100,22/32
11386,135,57/100,18/32
12596,87,54/100,19/32
13739,135,36/100,20/32
14878,75,49/100,22/32
10153,94,60/100,19/32
10176,23,58/100,20/32
14937,57,48/100,22/32
10476,64,65/100,23/32
14528,123,49/100,24/32
11614,95,54/100,23/32
11469,22,65/100,22/32
12308,28,57/100,24/32
13903,52,48/100,16/32
12854,108,56/100,18/32
12618,34,51/100,19/32
14160,48,47/100,21/32
14931,75,44/100,21/32
10501,6,63/100,19/32
13637,131,43/100,25/32
11775,16,53/100,19/32
14886,127,45/100,19/32
11898,30,52/100,22/32
11552,51,60/100,18/32
12043,136,55/100,18/32
10516,92,56/100,21/32
13839,95,55/100,14/32
11844,58,61/100,23/32
14972,127,59/100,14/32
12305,42,62/100,22/32
11687,16,63/100,22/32
12031,3,63/100,23/32
10583,64,52/100,22/32
10150,76,57/100,19/32
14948,143,65/100,14/32
12951,125,56/100,24/32
14164,60,48/100,15/32
13420,13,48/100,25/32
13631,104,60/100,14/32
11232,71,65/100,23/32
13590,23,45/100,22/32
12416,67,58/100,24/32
14145,19,56/100,13/32
11399,51,64/100,19/32
10209,144,50/100,19/32
11416,90,53/100,22/32
11667,11,56/100,20/32
13061,125,54/100,25/32
13418,138,47/100,22/32
12960,77,52/100,19/32
12067,59,53/100,20/32
10149,74,51/100,15/32
14764,46,41/100,21/32
12074,40,65/100,20/32
11742,152,53/100,20/32
13158,134,53/100,16/32
11872,82,55/100,20/32
10556,113,58/100,16/32
14446,88,44/100,20/32
12532,54,61/100,16/32
14797,110,42/100,20/32
13427,89,49/100,17/32
11790,58,59/100,16/32
14929,75,42/100,22/32
11316,49,51/100,20/32
13917,96,48/100,20/32
13345,25,51/100,17/32
12320,93,60/100,18/32
10612,113,65/100,18/32
14984,57,40/100,18/32
13601,114,45/100,23/32
11359,100,52/100,22/32
12945,108,63/100,15/32
12024,59,54/100,19/32
13022,57,55/100,17/32
12178,146,60/100,20/32
13224,116,56/100,18/32
12676,87,53/100,24/32
12986,75,59/100,23/32
14107,14,49/100,12/32
14627,27,49/100,19/32
11956,62,50/100,19/32
11701,96,67/100,21/32
13855,38,40/100,20/32
14523,140,47/100,19/32
10294,74,60/100,19/32
13168,25,60/100,21/32
14390,111,45/100,23/32
11909,30,55/100,19/32
13714,100,41/100,17/32
12335,140,62/100,24/32
10454,113,62/100,16/32
12061,136,55/100,22/32
11846,16,55/100,21/32
11805,52,62/100,19/32
12204,123,63/100,19/32
11551,44,57/100,25/32
10368,12,61/100,22/32
12287,147,58/100,26/32
12853,77,54/100,19/32
12331,47,68/100,23/32
10439,37,64/100,18/32
13236,105,54/100,19/32
12328,147,62/100,17/32
11230,85,51/100,24/32
11333,100,52/100,23/32
14987,77,55/100,14/32
13136,56,64/100,21/32
12973,124,53/100,23/32
10012,122,58/100,20/32
13124,99,53/100,19/32
10323,37,56/100,20/32
14934,57,41/100,20/32
12745,46,53/100,15/32
11473,51,59/100,15/32
12269,47,50/100,23/32
13862,38,63/100,13/32
10850,60,53/100,16/32
10371,12,63/100,15/32
13515,91,32/100,21/32
14211,41,54/100,13/32
14916,77,41/100,21/32
12568,149,50/100,23/32
13742,45,48/100,16/32
14920,65,65/100,11/32
10267,144,70/100,20/32
12504,139,56/100,22/32
12345,81,58/100,22/32
10578,12,66/100,16/32
13268,13,60/100,20/32
11326,45,59/100,22/32
11219,49,53/100,21/32
13488,13,59/100,14/32
10069,120,53/100,25/32
11040,60,54/100,21/32
13315,105,62/100,22/32
14905,124,45/100,22/32
14053,26,45/100,25/32
10098,72,50/100,17/32
10485,14,56/100,24/32
10468,68,60/100,21/32
14451,28,49/100,19/32
14449,1,41/100,15/32
11688,11,54/100,20/32
12777,145,66/100,19/32
10257,120,59/100,20/32
12668,145,55/100,24/32
10554,102,55/100,23/32
14642,29,46/100,22/32
12280,93,50/100,17/32
11002,20,57/100,17/32
11401,8,53/100,23/32
13908,109,41/100,22/32
12201,147,50/100,22/32
11500,95,60/100,27/32
11890,69,57/100,23/32
10309,39,54/100,20/32
11971,111,59/100,20/32
14279,107,46/100,17/32
12832,17,66/100,20/32
12814,33,51/100,25/32
11817,84,63/100,21/32
11355,85,54/100,16/32
10826,19,55/100,19/32
12565,129,62/100,25/32
13752,78,47/100,23/32
10400,35,60/100,21/32
12340,147,55/100,21/32
11535,2,64/100,22/32
14785,70,44/100,14/32
12458,4,66/100,19/32
10804,20,50/100,19/32
10802,41,63/100,22/32
10213,23,62/100,19/32
13464,55,44/100,19/32
13724,45,49/100,21/32
13597,23,57/100,14/32
11901,98,62/100,16/32
13573,122,48/100,22/32
11198,60,66/100,18/32
13206,116,56/100,19/32
12094,30,52/100,23/32
12571,29,63/100,24/32
11566,44,54/100,24/32
13642,104,48/100,25/32
12658,145,62/100,25/32
12446,27,56/100,21/32
11491,95,68/100,22/32
14459,140,49/100,16/32
13244,25,61/100,18/32
11988,121,57/100,17/32
11756,84,52/100,16/32
11665,16,54/100,21/32
14044,39,55/100,14/32
11974,62,53/100,18/32
11799,117,63/100,22/32
10152,91,64/100,26/32
11983,40,50/100,19/32
12104,40,56/100,21/32
12369,73,58/100,20/32
11931,69,62/100,24/32
10146,23,60/100,17/32
14388,40,45/100,19/32
11319,135,59/100,22/32
11772,5,50/100,23/32
10236,122,54/100,24/32
14377,3,43/100,26/32
12604,17,72/100,20/32
12905,10,50/100,19/32
10272,23,55/100,25/32
12020,3,56/100,23/32
10565,37,51/100,16/32
13773,38,47/100,21/32
12880,125,54/100,20/32
14827,9,46/100,21/32
13025,126,62/100,22/32
12092,98,54/100,21/32
13319,116,55/100,20/32
10233,104,63/100,17/32
14354,128,37/100,22/32
14038,92,44/100,20/32
12644,33,56/100,16/32
14694,53,69/100,11/32
11581,22,61/100,18/32
13114,124,62/100,25/32
14915,126,47/100,13/32
12841,33,55/100,24/32
11876,119,59/100,20/32
10395,148,50/100,24/32
14209,141,48/100,17/32
14382,3,65/100,12/32
13550,144,48/100,16/32
14577,27,61/100,12/32
10658,24,52/100,26/32
10488,92,53/100,19/32
12019,62,61/100,15/32
12743,61,60/100,15/32
12913,75,56/100,23/32
11238,49,52/100,21/32
13177,36,50/100,26/32
11828,52,53/100,27/32
13512,94,62/100,14/32
13291,151,53/100,18/32
11689,52,51/100,24/32
12621,137,54/100,21/32
12296,88,50/100,17/32
14571,29,48/100,14/32
12616,31,63/100,19/32
14453,81,49/100,20/32
11540,90,61/100,17/32
13753,71,48/100,21/32
11637,38,57/100,23/32
11176,20,54/100,18/32
11732,97,52/100,20/32
14501,101,48/100,22/32
10057,132,57/100,18/32
10312,102,58/100,21/32
14726,33,47/100,22/32
10946,63,62/100,27/32
12317,47,50/100,18/32
10508,6,71/100,23/32
11231,100,53/100,19/32
12765,31,53/100,19/32
12293,28,60/100,19/32
14458,28,48/100,23/32
14385,30,48/100,18/32
13100,115,50/100,19/32
10764,141,61/100,24/32
10027,144,54/100,19/32
13663,85,38/100,19/32
12367,140,56/100,19/32
10478,39,59/100,22/32
13080,108,66/100,19/32
12981,126,52/100,24/32
10039,114,58/100,30/32
10277,91,57/100,18/32
10770,60,65/100,20/32
10734,142,57/100,22/32
11529,103,55/100,22/32
12494,129,54/100,21/32
13251,13,57/100,20/32
10055,120,51/100,21/32
13090,65,64/100,23/32
12371,140,57/100,16/32
10451,35,58/100,23/32
14531,147,45/100,22/32
12871,75,60/100,18/32
13479,112,46/100,25/32
13374,55,57/100,17/32
11374,49,50/100,21/32
11450,118,68/100,18/32
14119,12,48/100,26/32
11030,130,54/100,22/32
10259,74,60/100,24/32
14498,15,43/100,16/32
13653,45,50/100,14/32
13535,132,48/100,22/32
10396,102,56/100,19/32
11170,19,61/100,20/32
14046,12,48/100,18/32
12309,28,51/100,15/32
13605,91,33/100,19/32
14420,47,47/100,18/32
14911,125,43/100,22/32
13887,11,47/100,20/32
10816,141,57/100,15/32
12452,106,52/100,21/32
12396,149,52/100,20/32
11042,41,53/100,16/32
13448,13,47/100,22/32
10063,120,57/100,24/32
11210,107,54/100,20/32
10274,144,58/100,21/32
12479,83,63/100,21/32
13392,112,40/100,19/32
12901,115,53/100,22/32
10040,144,56/100,23/32
13299,105,67/100,20/32
10084,23,58/100,22/32
14213,130,47/100,22/32
14214,19,48/100,20/32
12439,139,52/100,21/32
14482,1,48/100,16/32
14016,18,58/100,14/32
11340,80,58/100,16/32
13963,97,46/100,19/32
10174,23,56/100,16/32
11497,95,54/100,19/32
12270,123,54/100,23/32
14093,12,40/100,17/32
13607,91,43/100,24/32
10072,72,60/100,20/32
10379,148,53/100,27/32
12406,149,54/100,18/32
10358,92,58/100,22/32
11582,8,65/100,20/32
14939,10,47/100,22/32
13229,134,50/100,24/32
10455,37,52/100,18/32
11110,130,54/100,20/32
12160,140,51/100,24/32
10310,39,59/100,19/32
11588,103,57/100,25/32
12258,28,52/100,25/32
13165,151,66/100,19/32
12760,110,55/100,23/32
12050,111,58/100,23/32
10714,63,59/100,18/32
10074,120,62/100,24/32
13207,56,66/100,16/32
11634,86,53/100,22/32
10756,48,54/100,21/32
10810,141,58/100,23/32
12040,62,61/100,22/32
13127,112,59/100,22/32
11463,103,61/100,23/32
11721,109,51/100,22/32
12173,147,53/100,26/32
12579,27,53/100,25/32
12048,111,51/100,23/32
14839,46,49/100,17/32
11523,90,53/100,21/32
12888,126,60/100,23/32
10158,104,52/100,16/32
11425,79,51/100,23/32
10550,18,66/100,19/32
11347,85,63/100,17/32
10860,41,54/100,21/32
13988,97,48/100,18/32
12873,77,63/100,22/32
14258,130,42/100,11/32
11301,135,57/100,20/32
13333,13,52/100,18/32
11925,136,61/100,24/32
10360,6,52/100,22/32
14003,113,43/100,24/32
14326,62,47/100,18/32
12135,66,49/100,18/32
12134,123,52/100,21/32
13842,79,45/100,20/32
11768,5,53/100,22/32
11818,66,56/100,22/32
13467,134,46/100,21/32
14309,150,49/100,15/32
11670,84,50/100,23/32
13139,56,61/100,26/32
10431,14,59/100,23/32
13003,10,51/100,22/32
14806,9,42/100,19/32
10293,104,59/100,28/32
12378,106,51/100,17/32
10118,122,57/100,20/32
13043,10,53/100,23/32
14216,20,45/100,18/32
11510,118,57/100,23/32
10252,144,50/100,18/32
12502,67,53/100,23/32
14415,3,44/100,22/32
12351,93,58/100,24/32
11773,96,57/100,20/32
13012,143,55/100,20/32
11706,52,65/100,16/32
13968,66,49/100,18/32
11192,63,61/100,21/32
14268,41,47/100,16/32
14633,50,48/100,26/32
11613,79,61/100,19/32
11064,7,55/100,18/32
12338,73,51/100,21/32
13522,122,48/100,20/32
14951,10,63/100,13/32
10305,35,55/100,22/32
12401,106,53/100,16/32
14148,20,47/100,24/32
11786,16,50/100,19/32
10598,113,61/100,24/32
12862,65,51/100,26/32
14176,20,42/100,21/32
10605,37,60/100,26/32
10614,7,60/100,19/32
10642,130,60/100,16/32
12284,146,57/100,23/32
13747,45,45/100,22/32
13774,51,45/100,21/32
13813,51,48/100,21/32
14674,149,36/100,11/32
11652,52,58/100,25/32
12261,88,52/100,23/32
12799,33,51/100,19/32
11477,22,65/100,17/32
12265,81,66/100,19/32
12640,110,58/100,21/32
12591,29,59/100,23/32
11542,86,54/100,25/32
11270,21,55/100,22/32
14062,12,53/100,11/32
11554,86,60/100,15/32
10075,120,51/100,22/32
13210,56,66/100,19/32
14183,63,45/100,20/32
11501,51,59/100,18/32
10473,18,52/100,15/32
12222,47,51/100,22/32
11976,62,55/100,22/32
14518,73,45/100,17/32
12044,40,64/100,26/32
13639,74,46/100,20/32
12542,83,52/100,18/32
13957,16,56/100,11/32
13275,89,63/100,23/32
10844,24,59/100,16/32
10255,104,56/100,20/32
12150,15,56/100,22/32
14949,10,41/100,20/32
11579,38,54/100,17/32
10466,26,58/100,17/32
10698,41,53/100,22/32
14768,137,53/100,14/32
14031,92,49/100,23/32
10253,104,54/100,22/32
14938,10,52/100,14/32
14061,12,63/100,14/32
10212,144,59/100,25/32
13425,134,46/100,18/32
14950,126,49/100,15/32
14468,146,52/100,12/32
13196,13,53/100,20/32
11905,98,57/100,25/32
11268,49,62/100,25/32
10407,148,63/100,19/32
14896,65,48/100,23/32
13250,13,65/100,26/32
13075,125,61/100,24/32
11711,16,59/100,24/32
14418,98,48/100,21/32
11841,109,63/100,22/32
11373,80,51/100,27/32
13035,108,61/100,17/32
11969,40,55/100,17/32
10100,72,57/100,18/32
14689,29,41/100,24/32
11407,51,58/100,18/32
12674,46,54/100,19/32
14705,31,38/100,23/32
12969,124,63/100,19/32
14118,35,49/100,22/32
12112,98,55/100,22/32
14319,128,38/100,21/32
10034,144,62/100,17/32
12438,4,58/100,20/32
14193,130,44/100,21/32
10001,72,53/100,22/32
14962,124,63/100,9/32
11685,117,61/100,18/32
13095,57,59/100,19/32
13956,96,42/100,18/32
14485,42,49/100,15/32
11649,109,50/100,19/32
13841,90,45/100,22/32
12594,46,60/100,22/32
12374,93,53/100,20/32
13401,55,45/100,24/32
11798,52,60/100,22/32
11414,86,62/100,17/32
12868,75,63/100,21/32
13334,25,52/100,26/32
13721,45,49/100,17/32
12848,57,55/100,21/32
12561,106,63/100,26/32
13283,13,54/100,20/32
12350,146,65/100,21/32
13087,126,60/100,18/32
14718,145,49/100,22/32
12537,139,59/100,16/32
10662,141,60/100,26/32
13732,71,46/100,14/32
13296,99,59/100,24/32
12894,75,53/100,24/32
14329,136,45/100,25/32
11837,84,60/100,25/32
10307,35,50/100,25/32
13570,132,45/100,20/32
10004,91,61/100,19/32
12236,47,65/100,17/32
13711,45,44/100,22/32
12625,70,55/100,24/32
11044,41,61/100,22/32
12347,47,54/100,15/32
11813,119,56/100,24/32
11796,58,51/100,24/32
11750,117,59/100,21/32
12487,67,59/100,18/32
12359,42,63/100,21/32
12521,54,51/100,20/32
12436,53,50/100,26/32
12699,145,65/100,25/32
11328,85,52/100,24/32
13235,13,59/100,17/32
11536,51,58/100,23/32
12334,93,65/100,19/32
14144,68,65/100,18/32
12551,54,59/100,21/32
14582,29,55/100,12/32
10982,48,59/100,24/32
13780,79,55/100,14/32
12930,57,60/100,19/32
10872,141,59/100,23/32
13879,152,46/100,19/32
14441,28,36/100,21/32
10457,113,57/100,19/32
12505,67,52/100,22/32
11658,96,57/100,19/32
12704,137,59/100,20/32
12624,46,52/100,23/32
14465,1,62/100,14/32
12248,147,56/100,19/32
11180,7,54/100,17/32
14467,47,49/100,17/32
11765,119,62/100,20/32
10258,132,55/100,20/32
13264,116,54/100,23/32
11666,5,56/100,20/32
10280,94,57/100,24/32
10838,107,53/100,18/32
12575,29,69/100,20/32
13525,132,37/100,17/32
14954,143,69/100,14/32
13468,112,48/100,25/32
12281,88,60/100,18/32
13074,127,59/100,17/32
11715,58,59/100,25/32
14516,88,44/100,22/32
12245,147,50/100,18/32
10446,6,55/100,22/32
12442,67,62/100,26/32
12700,31,62/100,19/32
14396,30,46/100,20/32
10694,141,60/100,22/32
13308,138,58/100,18/32
11979,3,68/100,25/32
14513,73,47/100,16/32
13318,138,66/100,18/32
12988,108,57/100,21/32
14235,60,47/100,26/32
11248,78,58/100,19/32
10418,148,51/100,21/32
12311,73,62/100,23/32
10862,48,57/100,27/32
13208,89,58/100,25/32
12251,93,55/100,19/32
11520,90,60/100,28/32
12798,110,56/100,24/32
12355,1,58/100,22/32
13339,56,63/100,21/32
13983,109,49/100,16/32
11505,8,67/100,17/32
12728,17,52/100,24/32
14315,40,49/100,22/32
14688,129,47/100,24/32
13487,99,40/100,22/32
13354,25,51/100,20/32
13378,112,59/100,12/32
14047,102,39/100,16/32
10221,23,53/100,24/32
14700,4,52/100,19/32
13174,55,66/100,16/32
11825,16,52/100,22/32
12195,140,56/100,17/32
14702,32,49/100,13/32
11288,71,66/100,21/32
10520,148,53/100,18/32
14297,69,43/100,22/32
13513,120,48/100,20/32
11776,16,65/100,22/32
10497,92,57/100,17/32
13882,97,52/100,14/32
11745,119,53/100,21/32
11679,152,51/100,19/32
13886,16,49/100,16/32
11622,44,50/100,18/32
13088,57,69/100,20/32
14398,136,40/100,22/32
14433,28,42/100,18/32
11787,84,54/100,19/32
12706,32,51/100,19/32
13895,82,46/100,18/32
13220,151,54/100,24/32
12711,17,58/100,21/32
12810,43,50/100,21/32
13494,25,46/100,19/32
11951,121,60/100,24/32
12808,110,52/100,21/32
13131,151,55/100,21/32
13624,104,40/100,22/32
13829,22,48/100,20/32
10183,72,56/100,18/32
12142,93,64/100,20/32
12491,106,55/100,19/32
12172,140,56/100,18/32
11432,38,55/100,23/32
14922,126,47/100,23/32
11251,45,54/100,19/32
12016,59,56/100,18/32
10988,20,52/100,23/32
10148,132,59/100,17/32
14200,60,48/100,14/32
11213,78,55/100,16/32
11435,86,54/100,19/32
12060,150,60/100,19/32
11430,118,53/100,21/32
12492,4,55/100,19/32
12215,42,62/100,17/32
14670,54,49/100,21/32
11748,82,51/100,23/32
14763,87,60/100,13/32
13112,127,60/100,23/32
13297,151,58/100,24/32
10420,14,54/100,16/32
12721,34,58/100,20/32
14869,115,41/100,21/32
14918,10,47/100,18/32
12939,65,65/100,18/32
12062,111,55/100,22/32
11404,51,61/100,21/32
11887,111,57/100,21/32
11926,121,58/100,21/32
14133,18,46/100,22/32
13623,94,46/100,29/32
13960,58,44/100,20/32
10370,6,61/100,23/32
12639,34,63/100,21/32
13146,112,56/100,18/32
14880,10,58/100,12/32
12934,124,62/100,20/32
12746,87,60/100,20/32
10592,113,60/100,19/32
14192,142,48/100,26/32
11989,111,55/100,18/32
11222,80,52/100,18/32
11156,60,59/100,16/32
11254,80,53/100,22/32
13038,115,56/100,21/32
14226,63,51/100,14/32
14481,42,49/100,18/32
13801,8,61/100,13/32
10132,131,58/100,24/32
12919,65,51/100,26/32
11479,118,50/100,21/32
12440,50,53/100,18/32
11816,16,61/100,20/32
11264,71,58/100,25/32
10166,76,61/100,22/32
12419,54,53/100,23/32
12283,101,51/100,21/32
12529,83,50/100,21/32
12466,139,54/100,16/32
11654,5,61/100,17/32
12748,31,60/100,19/32
10544,12,54/100,20/32
14884,77,59/100,14/32
13800,79,49/100,18/32
10114,94,79/100,19/32
13854,118,43/100,16/32
12124,123,58/100,22/32
13397,89,52/100,13/32
12483,129,59/100,18/32
12816,32,52/100,24/32
11863,117,50/100,22/32
11945,62,55/100,22/32
11309,49,59/100,22/32
14660,67,42/100,15/32
11767,66,59/100,18/32
13868,79,46/100,23/32
12411,149,61/100,26/32
12161,28,58/100,15/32
13107,57,53/100,24/32
10563,68,52/100,17/32
12292,101,58/100,27/32
14014,35,36/100,21/32
13113,10,54/100,17/32
11949,98,53/100,19/32
13032,126,62/100,17/32
13065,75,51/100,25/32
10203,114,55/100,21/32
13242,36,55/100,21/32
14901,57,38/100,21/32
10419,92,50/100,21/32
11290,71,58/100,15/32
13029,75,55/100,21/32
12876,127,60/100,18/32
11391,44,54/100,20/32
13412,25,48/100,18/32
10297,132,51/100,21/32
13120,115,61/100,27/32
11570,51,54/100,16/32
14007,6,47/100,26/32
13048,126,63/100,24/32
11928,59,59/100,22/32
11527,79,52/100,18/32
11858,82,60/100,24/32
13164,55,63/100,18/32
12181,73,51/100,17/32
10385,64,56/100,23/32
14171,24,45/100,16/32
13481,112,42/100,9/32
10160,23,54/100,25/32
10502,12,61/100,19/32
12943,127,50/100,22/32
11941,59,65/100,21/32
10348,26,60/100,23/32
14009,102,62/100,13/32
10678,24,53/100,25/32
12123,59,59/100,23/32
12740,17,50/100,19/32
13069,115,57/100,15/32
12698,46,61/100,19/32
10234,74,52/100,26/32
14355,98,47/100,19/32
11332,135,63/100,20/32
13381,138,49/100,20/32
10326,68,59/100,22/32
11533,38,63/100,18/32
12633,31,54/100,18/32
10784,142,52/100,24/32
11942,30,50/100,21/32
12303,146,58/100,15/32
11528,86,51/100,23/32
13117,57,55/100,24/32
10768,19,55/100,16/32
12820,31,50/100,22/32
13284,151,55/100,22/32
12578,106,52/100,17/32
13028,108,53/100,22/32
13111,115,54/100,25/32
12603,87,61/100,16/32
13536,91,46/100,21/32
11243,71,66/100,20/32
11405,22,56/100,19/32
12139,15,63/100,21/32
11720,117,63/100,21/32
10586,68,57/100,18/32
10732,141,63/100,22/32
11814,109,65/100,26/32
11424,22,58/100,21/32
12444,54,58/100,20/32
10880,130,72/100,20/32
12022,150,52/100,16/32
14759,110,43/100,19/32
11938,59,62/100,17/32
12027,150,54/100,26/32
12879,125,52/100,21/32
10022,120,53/100,17/32
14979,65,47/100,22/32
10670,141,64/100,24/32
14064,64,46/100,23/32
13238,36,59/100,22/32
14659,53,46/100,21/32
10581,37,57/100,18/32
12216,123,57/100,26/32
13301,55,51/100,15/32
14833,110,45/100,24/32
12855,127,56/100,17/32
14990,143,56/100,19/32
12474,149,52/100,19/32
10611,113,53/100,20/32
13295,112,65/100,19/32
10503,92,60/100,22/32
10443,37,61/100,17/32
10822,19,52/100,23/32
13063,126,58/100,26/32
10806,19,52/100,18/32
11849,58,58/100,17/32
14888,115,55/100,13/32
14890,126,46/100,18/32
13539,104,49/100,25/32
14191,24,51/100,14/32
13667,85,48/100,25/32
12646,137,58/100,20/32
11134,107,57/100,16/32
11370,49,57/100,22/32
12695,34,51/100,22/32
12641,31,57/100,20/32
14410,111,54/100,11/32
12324,47,61/100,18/32
11860,152,53/100,20/32
13959,117,44/100,25/32
13335,116,53/100,17/32
12414,4,59/100,18/32
12661,33,57/100,16/32
11585,2,57/100,26/32
11396,51,60/100,16/32
10469,18,60/100,20/32
12823,17,51/100,26/32
14343,62,41/100,14/32
14177,107,40/100,19/32
13422,134,41/100,21/32
12009,40,54/100,24/32
12957,127,52/100,22/32
12008,59,60/100,22/32
10168,120,54/100,16/32
14068,14,49/100,23/32
13366,56,55/100,19/32
14669,53,46/100,19/32
11875,97,55/100,22/32
14383,62,44/100,20/32
14693,106,40/100,19/32
11295,85,56/100,20/32
10025,114,59/100,19/32
10888,7,63/100,18/32
13161,89,56/100,20/32
14257,19,49/100,22/32
11574,90,55/100,22/32
12859,75,58/100,21/32
10475,92,50/100,25/32
11991,59,64/100,24/32
10529,14,61/100,15/32
11257,71,61/100,21/32
14292,107,63/100,26/32
14060,37,49/100,23/32
13018,126,52/100,19/32
11972,40,54/100,15/32
11142,48,64/100,25/32
12723,32,54/100,20/32
13331,116,52/100,27/32
13281,134,56/100,24/32
13551,122,36/100,22/32
12902,124,57/100,17/32
13599,94,47/100,16/32
13759,51,42/100,16/32
14322,136,72/100,14/32
10415,37,63/100,23/32
14601,29,49/100,24/32
12606,9,54/100,27/32
14574,29,47/100,22/32
13584,72,48/100,19/32
14539,47,49/100,21/32
11312,100,57/100,22/32
14236,24,44/100,15/32
14906,77,48/100,20/32
13557,131,48/100,21/32
12221,146,63/100,23/32
12255,123,57/100,27/32
13520,23,45/100,21/32
13812,90,41/100,23/32
14167,142,44/100,23/32
13183,13,54/100,17/32
11897,111,52/100,22/32
14543,42,43/100,25/32
13332,116,52/100,29/32
10884,20,59/100,21/32
11760,16,63/100,15/32
11196,107,56/100,23/32
10033,104,66/100,25/32
11651,97,55/100,21/32
11068,7,57/100,22/32
13052,143,60/100,18/32
11804,97,60/100,21/32
12064,98,62/100,24/32
10092,76,57/100,20/32
13955,117,49/100,21/32
13221,112,53/100,22/32
12157,73,56/100,22/32
13285,138,72/100,19/32
12846,43,68/100,24/32
10120,131,70/100,23/32
11287,45,55/100,15/32
11734,119,55/100,21/32
11480,8,65/100,15/32
10284,122,60/100,20/32
14263,41,46/100,28/32
12909,10,57/100,25/32
12170,93,54/100,23/32
13389,134,58/100,13/32
12039,136,62/100,22/32
14672,29,54/100,12/32
13580,104,49/100,21/32
14868,10,46/100,19/32
14631,54,49/100,20/32
11724,152,63/100,20/32
10848,130,59/100,18/32
12127,88,50/100,21/32
12189,123,54/100,20/32
12920,108,57/100,16/32
12937,65,56/100,20/32
11389,45,61/100,20/32
13992,5,46/100,17/32
11967,121,56/100,23/32
12399,4,57/100,20/32
11771,11,63/100,21/32
14971,65,48/100,21/32
10196,94,66/100,21/32
14657,29,40/100,25/32
12244,147,57/100,26/32
12102,69,52/100,15/32
14430,140,44/100,15/32
13106,75,54/100,20/32
10526,18,54/100,22/32
10998,142,56/100,16/32
10453,26,62/100,17/32
13348,89,52/100,25/32
13811,51,49/100,15/32
11702,16,61/100,20/32
12817,133,56/100,22/32
12942,65,52/100,21/32
11276,71,56/100,15/32
10728,48,61/100,22/32
11987,136,60/100,18/32
14558,140,48/100,19/32
12199,47,56/100,25/32
13792,90,49/100,18/32
12425,54,55/100,18/32
10078,104,59/100,18/32
11050,48,54/100,18/32
11795,16,61/100,20/32
11906,30,51/100,17/32
10315,37,58/100,22/32
10766,60,57/100,19/32
10574,37,58/100,20/32
11612,86,62/100,18/32
13091,143,54/100,20/32
11541,38,59/100,19/32
11661,109,52/100,18/32
10736,7,57/100,17/32
14946,125,58/100,12/32
13947,58,47/100,19/32
10440,92,55/100,18/32
12457,129,60/100,23/32
11965,111,70/100,20/32
11784,84,59/100,20/32
13049,125,55/100,18/32
12034,30,58/100,19/32
13005,10,60/100,15/32
14813,43,48/100,19/32
12867,143,56/100,26/32
10320,68,61/100,20/32
