Candidate_ID,Tech_Skill_ID,Score
12257,1,5
12257,2,5
12257,3,2
11525,4,2
11882,5,1
11673,6,2
11673,7,2
10566,8,2
10566,7,5
10915,9,2
10915,4,4
10915,3,1
10915,7,5
10915,5,2
11626,9,2
11626,8,6
11626,5,4
12726,1,4
12726,9,4
12726,6,1
11758,2,7
11758,3,2
11758,6,2
11758,7,4
10518,8,4
10518,6,1
10518,5,2
13249,1,1
13249,6,1
13249,7,5
11708,1,5
11708,8,1
11708,2,1
11708,6,2
11708,7,2
11708,5,4
12318,1,7
12318,9,7
12318,4,3
12318,2,4
12318,3,1
11671,1,4
11671,4,2
11671,7,6
10412,1,3
10412,2,2
10412,3,3
11047,2,4
11047,7,1
11033,1,2
11033,9,4
11033,8,1
11033,3,1
11033,6,2
11033,7,3
11516,5,3
10709,6,4
10709,7,5
10709,5,5
10228,9,5
10228,8,1
10228,2,1
10228,7,1
11031,4,4
11031,2,2
12885,1,4
12885,6,1
12885,7,1
13317,6,4
10531,1,4
10531,9,4
10531,8,2
10531,4,4
10531,5,1
12549,8,3
12549,5,2
12185,5,4
12546,1,1
12546,2,2
12546,3,2
12519,8,2
12519,4,5
12519,5,1
12622,9,1
12622,8,1
12622,2,1
12622,6,4
12622,7,3
12622,5,2
12839,8,4
12839,4,6
12839,2,3
12656,9,3
12656,8,2
12656,2,3
12656,3,2
10548,1,2
10548,8,4
10548,4,3
10548,3,2
13153,9,4
13153,3,5
13153,6,3
10505,1,3
10505,7,4
10505,5,6
11406,8,2
11406,4,1
11406,3,4
12108,8,6
10695,1,4
10695,9,4
10695,2,4
10695,3,2
10695,6,1
12262,1,4
12262,9,2
12262,2,1
12262,7,3
11628,8,1
11628,3,2
11628,6,2
11628,7,2
11628,5,4
11226,9,4
12597,1,9
12597,4,4
12597,2,1
12597,3,2
12597,6,1
12597,7,3
12187,1,4
12187,3,3
10923,4,2
10923,2,4
10923,5,2
11604,3,3
12404,1,1
12404,9,3
12404,8,4
12404,7,1
11437,9,6
11437,4,1
11437,7,1
11437,5,2
11740,2,2
11740,6,2
10382,3,1
10382,6,1
12398,4,1
12398,6,1
12398,5,3
11449,1,2
11449,2,3
10515,9,1
10515,3,5
10515,7,3
10515,5,4
13269,1,3
13269,2,1
13269,3,5
13269,7,3
13269,5,3
13154,1,2
13154,8,5
13154,4,3
12970,1,3
12970,9,1
12970,4,1
12970,5,4
12620,4,2
12620,3,4
12620,5,2
11653,9,4
11653,8,2
11653,4,3
11653,7,1
12014,2,2
12014,3,1
12014,6,3
12014,7,1
12014,5,2
11832,9,2
11832,8,6
11832,4,2
11832,2,4
11832,3,1
11832,7,5
10675,8,3
10675,4,3
11107,9,2
11107,4,4
11107,2,2
11107,3,3
10408,5,1
12753,2,3
12753,6,2
12753,7,1
12753,5,1
12082,9,6
12082,3,1
12082,7,3
11826,8,3
11826,4,1
11826,7,3
11996,1,6
11996,8,2
11996,3,6
12906,2,2
12906,6,1
12906,5,3
10331,9,5
10331,2,2
12431,1,4
12431,9,1
11833,1,1
11833,4,1
11833,3,2
11833,7,1
10759,9,5
10759,3,2
10759,6,1
10759,7,5
10665,2,1
10665,3,8
12550,3,1
12550,5,2
12535,9,3
12535,4,2
12535,2,6
12535,3,5
11955,9,4
11955,8,1
11955,4,5
11955,3,4
11955,6,3
10957,1,7
10957,8,4
10957,4,2
10957,2,1
10957,5,5
12314,2,5
12560,4,4
12560,3,4
11924,6,3
10687,9,3
10687,8,4
10687,3,3
10687,6,2
13192,1,1
13192,2,1
12538,4,2
12538,7,1
12689,2,7
12689,5,3
11225,9,4
11225,3,5
13213,1,3
13213,9,4
13213,4,4
13213,3,3
13213,6,1
13213,5,4
10243,9,4
10243,2,4
10243,6,1
10243,5,5
12156,1,2
12156,8,6
12156,4,6
12156,7,5
10345,1,2
10345,8,1
10345,4,1
10345,6,1
10195,9,1
10195,4,3
10195,2,2
10195,3,2
10195,6,2
10195,7,3
13277,1,4
13277,6,4
12908,7,6
11502,5,5
11995,1,5
11995,9,9
11995,8,3
11995,2,2
11995,3,3
11995,6,1
12996,9,2
12996,3,4
12996,7,1
12857,8,4
12857,2,4
12857,7,1
11561,8,4
11561,4,3
11561,3,4
11305,8,4
11861,2,4
11781,9,2
11781,8,5
11781,7,4
11280,9,4
11280,3,2
11280,6,3
11280,7,1
12677,1,1
12677,8,2
12677,2,1
12198,8,4
12198,2,2
12198,5,1
12182,4,1
12182,2,6
12182,3,1
11603,6,2
11235,4,1
11235,3,2
11235,7,3
13167,9,7
13167,4,8
13167,3,4
11544,9,3
11544,7,3
11544,5,1
10108,9,3
10108,8,4
10108,2,4
11645,9,3
11645,8,4
11645,2,4
11645,7,2
11645,5,6
12276,9,1
12276,8,4
12276,4,3
12276,7,3
10999,4,1
10999,5,6
10397,1,1
10397,9,2
10397,3,3
12301,8,3
12301,2,3
12301,5,6
10511,1,4
10511,9,2
10511,8,4
10511,2,2
10511,6,1
11774,1,2
11774,9,5
11774,8,2
11774,4,1
11774,7,1
11791,9,4
11791,8,2
12083,1,2
12083,9,5
12083,8,2
12083,2,4
12083,3,2
12083,7,4
10506,9,3
10506,2,2
10506,3,7
10506,7,2
13141,8,3
13141,4,2
13141,3,3
13141,7,4
13141,5,1
11842,9,1
11842,5,4
11274,1,5
11274,9,2
11274,8,3
11274,2,4
11274,3,3
11286,9,1
11286,4,4
11286,2,4
11286,6,1
11286,7,1
10140,8,3
10140,2,4
10140,3,5
10140,6,3
10140,7,1
12360,8,1
12360,2,3
11103,1,6
11103,7,1
10560,8,1
10560,4,2
10560,2,3
10560,6,1
11638,3,1
11638,6,1
11638,7,3
11662,1,7
11662,9,8
11662,4,4
11662,2,3
11662,3,6
11662,6,2
11662,5,2
12762,1,2
12762,2,3
11663,4,1
11663,7,1
12007,4,2
12007,2,1
11489,9,4
11489,4,5
11489,2,2
11680,8,6
11680,2,4
11680,7,4
11537,9,3
11537,4,4
11537,6,1
12065,8,5
12065,4,5
12065,2,6
12065,5,1
11418,8,1
11418,4,4
11418,5,3
10273,1,4
10273,8,2
10273,4,2
10273,3,2
10273,7,2
13200,7,3
12462,4,1
12462,7,2
12497,8,4
12497,3,4
12497,6,3
13336,9,2
13336,4,4
13336,3,1
13336,5,4
10551,4,2
10551,3,5
10551,6,1
12780,1,4
11137,8,2
11137,2,5
11336,1,4
11336,9,4
12886,1,1
12886,2,5
12886,3,1
12886,6,3
10321,6,4
10321,7,6
12539,8,2
12539,3,4
12539,7,3
11738,1,3
11738,4,6
11738,6,1
10905,1,2
10905,9,3
10905,6,2
10905,7,1
12759,1,5
12759,9,4
12759,4,3
12759,2,5
12759,5,4
12073,1,2
12073,8,3
12073,3,1
12073,6,2
12073,7,4
12073,5,2
13266,1,2
13266,4,2
13266,3,4
13266,6,3
13266,7,4
10472,1,2
10472,4,4
10472,6,1
10472,5,3
11379,1,3
11379,9,2
11379,4,2
12818,8,6
12818,4,5
11173,4,5
11173,2,3
11173,3,3
11173,7,2
11595,4,2
11595,2,3
11595,6,2
10306,8,2
10306,6,1
10306,7,7
13222,9,2
11990,4,2
11990,5,1
12573,8,1
12573,6,2
11778,5,2
11659,8,2
11659,4,4
11659,3,5
13187,8,1
13187,2,3
12910,1,2
12910,9,1
12910,4,1
12910,2,3
10577,1,1
12131,9,2
12131,8,2
12131,2,4
12131,3,9
12131,6,1
11487,9,6
11487,8,4
11487,6,2
11487,5,4
10392,9,2
10392,4,3
11641,8,8
11641,4,1
11641,2,5
12872,1,2
12872,4,1
10316,9,1
10316,2,5
10316,6,1
10955,1,2
10955,9,1
10955,6,4
10955,7,2
11419,9,2
11419,8,6
11419,5,2
12948,8,6
12948,3,4
10465,2,1
10136,9,5
10136,4,1
10136,2,2
10136,7,2
12174,1,2
12174,2,3
12174,6,1
12174,5,4
10458,1,8
10458,9,1
10458,8,5
10458,4,1
11923,1,4
11923,9,1
12226,1,1
12226,9,5
12226,7,3
12068,1,2
12068,4,1
12068,7,1
11896,8,3
11896,2,6
11896,3,1
11896,7,1
11896,5,5
13097,7,2
13084,1,2
13084,9,3
10471,8,4
10471,7,5
12785,1,4
12785,9,1
12785,3,1
12785,6,2
13170,1,1
13170,9,5
13170,4,3
13170,2,3
13170,3,2
13170,6,2
10761,9,3
10761,4,3
10761,6,4
10322,8,2
11492,1,7
11492,9,2
11492,8,6
11492,6,3
12418,4,3
12418,2,3
12418,3,4
12418,5,2
11920,1,5
11920,8,5
11920,3,3
10185,8,5
10185,6,2
10185,5,1
10260,1,1
10260,2,1
10260,7,5
10260,5,4
12555,1,2
12555,4,4
12555,2,3
12555,5,4
12388,1,4
12388,9,2
12388,4,1
12388,3,3
12388,7,1
12063,9,5
12063,2,2
12063,6,1
12063,7,1
13058,9,4
13058,4,3
13058,2,4
13058,3,3
13058,7,4
13058,5,4
10685,1,1
10685,8,2
10685,4,4
10685,3,2
10685,7,2
12004,1,4
12004,8,5
11458,1,5
11458,8,2
11458,4,2
11458,7,5
10567,1,2
10567,8,2
10567,7,1
10567,5,3
10380,1,2
10380,9,2
10380,4,8
12738,4,3
12738,2,1
12738,6,5
12598,5,1
10123,8,7
10123,2,5
10123,3,7
10123,6,1
10123,7,4
10541,8,1
10541,2,4
12976,1,3
12976,4,3
10246,1,3
10246,4,6
10246,7,1
10246,5,3
11881,1,3
11881,6,2
11881,7,5
11881,5,2
12801,9,3
12801,8,3
12801,4,5
10099,1,2
10099,4,4
12453,1,3
12453,8,1
12453,5,2
11475,2,4
11475,3,5
13151,3,3
13151,5,6
11365,9,2
11365,3,2
11365,7,2
10558,9,3
10558,4,7
10558,2,3
12146,9,4
12146,8,4
12146,2,3
12146,3,5
12146,6,1
12146,5,2
12778,2,3
13239,9,4
13239,6,1
13239,7,1
13239,5,4
13323,1,2
13323,2,2
13323,6,3
13323,5,5
10597,8,3
10597,5,4
11451,3,6
11451,6,2
11451,5,5
11584,9,5
11584,8,5
11584,4,2
11584,2,2
11584,5,2
12924,1,2
12924,8,3
12924,6,3
13209,8,4
13209,4,4
13209,3,3
13116,1,3
13116,4,2
13116,2,3
13116,5,3
12889,1,5
12889,9,1
12889,4,1
12889,2,1
10042,8,1
12585,7,3
10193,8,1
10193,6,3
11815,8,3
11815,2,3
11815,3,2
11815,7,4
11815,5,2
12098,9,1
12098,8,5
12098,4,4
12098,3,3
12098,6,1
12096,9,3
12096,2,4
12096,7,2
11675,2,2
12154,5,1
12240,1,1
12240,9,4
12240,3,3
12240,6,3
10378,9,3
10378,8,4
10378,4,5
10378,2,6
10378,3,2
10378,7,3
12883,1,5
12883,9,1
12883,4,1
13132,7,1
10941,4,2
10941,2,1
10941,6,1
10941,7,4
10601,1,2
10601,8,5
10601,2,3
10601,7,1
12609,7,1
11508,7,2
11508,5,2
12018,2,2
12018,5,3
12076,1,4
12076,4,1
12076,2,6
12076,3,2
12076,7,1
12710,8,2
12710,6,3
12710,7,2
12710,5,4
12114,1,8
12803,1,1
12803,7,2
10931,1,3
12290,9,3
12290,8,2
12290,4,3
12290,2,4
12290,6,4
12290,7,2
12290,5,1
12330,1,2
12330,2,2
12330,7,6
12330,5,3
11129,4,6
11129,6,2
11129,5,2
11986,9,5
11986,3,2
11986,7,7
10016,1,4
10016,9,3
10016,4,3
10016,5,3
11607,9,4
11607,4,6
11607,3,1
13346,9,5
13346,8,3
13346,3,6
13346,6,2
11913,8,4
11913,7,3
11913,5,4
12477,1,3
12477,4,5
12477,6,2
12477,5,1
11193,1,3
11193,2,2
11193,3,3
11442,1,4
11442,5,2
12709,9,2
12709,8,4
12709,3,3
11460,1,4
11460,6,2
11460,5,5
10813,2,2
10813,3,1
12613,1,2
12613,9,1
12613,2,2
12613,7,5
11556,7,2
11091,3,2
11091,7,3
13190,8,3
13190,5,3
11372,1,2
11372,9,1
11372,8,1
11372,4,3
12576,1,3
12576,9,3
12576,8,4
12576,5,4
12362,1,2
12362,9,6
10627,1,2
10627,2,2
10627,3,3
10627,7,2
10635,8,6
10635,4,2
10635,3,1
10635,6,1
13014,1,5
13014,9,5
13014,8,1
13014,2,2
10739,9,5
10739,4,1
10739,2,1
10739,5,2
11730,1,2
13350,9,1
13350,8,2
13350,2,3
13350,5,5
13021,8,8
13021,5,8
10555,9,3
10555,8,2
10555,6,2
10555,7,4
11862,1,6
11862,8,2
11862,6,1
11994,1,5
11994,9,2
11994,5,4
11482,9,1
11482,3,2
10067,9,2
10067,3,4
10067,5,3
10037,1,2
10037,8,3
10037,4,4
10037,6,2
13217,1,4
13217,8,2
13217,4,1
13217,2,1
13217,7,2
12987,9,2
12987,5,3
13144,2,3
13098,1,1
13098,8,6
13098,4,3
13098,6,2
13098,7,1
11811,1,2
11811,8,2
10492,9,3
10492,4,3
10492,2,3
10492,3,2
10492,6,3
13292,1,3
13292,9,1
13292,8,4
13292,2,2
13292,6,2
10963,9,2
10963,3,1
12850,1,4
12850,2,3
12850,5,1
10218,1,5
10218,2,2
10218,5,6
12932,1,3
12932,9,1
12932,8,7
12932,4,3
12932,2,2
12932,6,2
11278,6,1
10663,1,2
10663,9,1
10663,8,2
10663,5,4
12447,1,2
12447,9,6
12447,7,4
11513,1,3
11513,8,4
11513,2,3
11513,7,2
10901,2,3
10901,7,3
10901,5,2
13290,1,2
13290,9,1
10753,9,4
10753,4,3
10428,1,4
10428,9,3
10428,8,5
10428,6,1
10428,7,2
12066,9,3
12066,8,1
12066,5,3
10417,2,2
10417,6,3
10417,7,4
11859,1,2
11859,6,3
11859,7,2
12734,9,2
12734,4,2
12734,2,2
12771,1,1
12771,4,4
12771,6,2
12771,7,3
12771,5,3
11459,8,2
11459,2,1
11459,5,5
13338,1,1
13338,2,1
13338,3,7
13338,6,1
11838,8,3
11838,4,1
11838,7,4
12655,1,3
12655,9,3
12655,4,4
12655,2,1
12874,9,4
12874,4,6
11246,1,6
11246,5,1
11835,9,4
11835,6,5
11835,7,2
11910,8,3
11910,3,2
10341,1,4
10341,8,1
10341,4,3
10341,6,2
10341,7,3
10341,5,1
10903,9,3
10903,8,1
10903,2,5
10903,3,3
10903,7,3
10903,5,3
10491,1,4
12648,8,1
12648,5,4
13198,1,2
13198,9,1
13198,8,1
13198,4,1
13198,5,3
10427,9,3
10427,6,1
10593,1,7
10036,9,4
10036,8,6
10036,3,1
10036,5,3
11261,1,2
11261,9,1
11261,4,7
11261,7,1
11261,5,5
11165,9,8
11165,2,3
11165,3,3
11165,7,2
12626,1,5
12626,9,2
12626,8,5
12626,4,1
12626,2,3
12626,3,1
12626,5,1
12979,1,3
12979,2,1
12081,4,3
12081,2,1
12081,3,4
10561,1,1
10561,9,2
10561,8,4
10561,4,5
10561,2,4
10561,7,7
11587,4,3
11587,3,3
13234,1,3
13234,3,1
13234,6,3
12343,9,2
12343,4,3
12343,2,5
12343,3,5
11085,4,2
11085,3,3
11085,7,3
11085,5,5
12316,2,1
12316,3,3
11217,1,2
11217,4,5
10317,3,1
10317,7,2
12263,1,3
12263,9,4
12263,8,2
11455,7,2
11455,5,1
10509,7,2
10509,5,5
12149,8,3
12149,4,4
12149,2,4
12149,7,4
12149,5,2
10066,8,1
10066,3,1
10066,5,4
12372,9,7
12372,2,3
12372,6,1
12372,5,3
11754,1,3
12403,1,3
12403,9,5
12403,5,6
10229,6,1
10229,7,3
10229,5,6
10949,4,3
10949,7,2
11298,4,2
11298,2,2
10129,1,2
10129,9,5
10129,5,5
11733,1,4
11733,4,3
11733,3,4
11733,5,3
11802,9,2
11802,3,3
11802,7,1
12130,1,1
12130,8,2
12130,4,5
12130,2,4
12130,3,5
12130,7,2
12220,1,5
12220,4,2
12220,3,4
12220,6,2
12220,7,4
11857,9,3
11857,8,6
11857,2,6
11857,6,1
11857,5,1
11258,9,3
11258,8,1
11315,9,3
11315,4,4
11315,3,3
11315,6,3
11315,7,1
11315,5,5
11267,1,3
11267,9,3
11267,8,3
11267,5,3
12326,1,1
12326,8,1
12326,4,2
12326,2,4
12326,7,4
12326,5,2
10088,1,4
10088,8,6
10088,4,2
10088,3,3
10088,6,4
12169,9,5
12169,2,2
13360,1,3
13360,9,2
13360,4,8
13360,2,5
13360,3,4
13360,5,4
10079,6,3
11220,1,5
11220,9,3
11220,8,3
11220,4,2
11220,3,2
11220,6,1
11220,7,1
11483,4,3
11483,7,4
11483,5,3
13047,4,3
13047,3,1
10068,3,2
10068,6,5
10068,7,8
10530,1,1
10530,9,1
10530,8,3
10530,2,5
10530,6,2
12254,9,2
12254,4,3
12254,2,2
10363,9,4
10363,2,3
10363,3,1
10363,5,2
10302,9,2
11470,9,6
11470,4,3
11470,3,6
11470,7,3
11470,5,3
11256,9,5
11256,4,1
11256,5,4
13357,1,4
13357,4,1
10623,1,2
10623,8,4
10623,3,6
10623,5,3
12408,9,2
12408,2,1
12408,3,5
11970,2,2
11970,3,3
11970,7,1
11970,5,3
11985,8,4
11985,4,6
11985,2,4
11985,6,1
10325,1,5
10325,4,3
10325,3,4
11806,9,4
11806,3,1
11806,5,3
12468,1,4
12468,8,3
12468,2,4
12468,7,1
11648,2,4
11648,3,1
11648,7,2
11376,9,2
11376,2,5
12946,4,7
12946,5,4
10528,2,4
10528,7,4
10232,1,2
10232,9,1
10232,8,1
10232,4,5
10232,2,2
10232,3,4
10232,7,1
12432,1,1
12432,4,5
12432,6,2
12432,5,4
12140,9,5
12140,6,1
12140,7,1
13341,1,4
13341,2,5
10951,9,2
10951,3,3
10951,6,1
10951,5,3
12449,1,3
10559,1,5
10559,9,6
10559,2,2
10559,6,3
10633,1,4
10633,9,2
10633,8,3
10633,4,1
10817,9,1
10817,8,6
10817,4,6
10817,6,4
10007,3,3
10007,6,3
10007,7,2
10401,1,5
10401,4,1
10401,3,2
10287,1,1
10287,8,1
10287,7,3
10175,1,3
10175,3,3
12980,1,3
12980,7,4
12188,1,3
12188,8,2
12188,5,2
11330,9,4
11330,8,5
11330,3,4
11330,7,5
11330,5,4
11303,1,5
11303,8,3
11303,4,3
11303,3,3
11303,5,3
12741,2,5
12741,3,2
12741,5,7
10390,1,4
10390,9,3
10390,8,4
10390,5,4
10245,1,5
10245,4,2
10245,3,2
10245,7,4
10198,1,4
10198,9,1
10198,8,2
10198,4,1
10198,3,6
10198,5,3
11621,9,5
11621,8,2
11621,5,1
12717,1,2
12717,9,2
12717,4,2
12717,2,1
12717,3,2
12717,7,4
12717,5,1
11632,1,5
11632,9,3
11632,8,3
11632,7,1
10281,8,2
10281,2,6
12264,1,2
12264,9,1
12264,5,10
12974,9,1
12974,4,4
12974,2,4
12974,6,1
12974,5,3
10147,1,1
10147,9,5
10147,8,1
10147,7,2
11444,9,3
11444,8,4
11444,4,2
11444,7,2
10190,9,2
10190,2,5
10190,5,5
11059,4,6
11059,2,3
11059,3,4
11059,6,1
11059,5,6
10391,9,1
12121,9,5
12121,8,3
12121,2,5
13375,1,2
13375,9,3
13375,8,3
13375,7,4
10504,5,1
12984,9,3
12984,8,2
12984,2,5
12984,6,3
12984,7,4
10210,2,3
10210,6,1
10210,5,1
12540,9,2
12540,6,1
12540,7,4
12540,5,4
12344,1,2
12344,4,2
12344,2,3
12344,3,2
12344,7,5
12344,5,5
12516,9,3
12516,8,1
12516,7,5
13093,1,3
11111,1,8
11111,7,4
11273,9,3
11273,2,2
11273,7,2
11273,5,2
11125,1,3
11125,6,3
11431,9,4
11431,8,5
11431,4,4
11431,2,5
11431,6,3
12789,2,2
12789,3,4
12789,5,3
11517,1,4
11517,9,3
12928,1,2
12928,4,3
12928,3,5
12928,6,3
12928,5,2
12159,1,2
12159,8,1
12159,2,3
13230,3,2
12528,8,3
12528,4,3
12528,6,1
12528,7,3
11350,9,2
11350,4,6
11350,2,3
11350,7,4
10542,8,3
10542,6,1
10542,5,2
11691,9,4
11691,8,3
11691,3,3
13099,2,1
13099,6,1
13099,5,1
10691,9,3
10691,8,2
10691,3,2
10691,6,1
10691,7,3
10819,9,6
10819,4,2
10819,5,7
11296,1,1
11296,8,5
11296,7,2
10547,8,4
10337,9,6
10337,4,2
10337,2,3
10337,3,1
10256,9,4
10256,3,3
10256,6,2
10256,7,1
11576,1,3
11576,2,3
11576,3,1
11576,5,1
13311,1,4
13311,8,1
13311,2,1
13311,6,2
13311,5,5
12511,2,2
12511,3,3
10222,2,2
12821,8,2
12821,4,3
12821,7,5
12821,5,6
12523,8,2
12523,4,6
12523,3,1
10026,2,4
10026,3,2
12141,8,6
12141,7,4
11939,1,2
11939,3,1
11939,6,1
11939,7,1
12319,8,2
12319,4,4
12319,5,4
10128,1,4
10128,9,5
10128,8,5
10128,4,4
10128,3,3
10128,7,2
10711,1,2
10711,7,2
13193,9,3
13193,4,1
13193,2,3
13193,5,2
11631,1,2
11631,9,3
11631,3,1
10545,1,2
10545,4,2
10545,3,4
10545,6,1
10545,7,4
13184,1,4
13184,8,5
13184,3,1
13184,7,2
13152,1,3
13152,6,4
10289,9,3
10289,8,3
13233,7,4
13233,5,2
10329,8,2
10329,3,1
12971,4,3
12971,3,3
12971,6,2
11617,9,1
11617,2,3
11617,6,4
11553,1,1
11553,9,3
11553,8,4
11553,4,4
11553,2,1
11553,3,2
11553,6,1
11553,5,4
11567,4,4
11567,2,2
11567,3,7
11567,5,2
10610,1,3
10610,8,1
12776,2,3
12776,7,7
12776,5,6
13328,4,1
13328,2,3
13328,6,1
13328,5,8
12228,1,4
12228,4,5
12228,2,2
12228,7,4
12938,2,3
12938,7,3
13062,9,3
13062,4,5
13062,2,3
13062,7,2
11894,1,4
11894,2,5
11894,6,1
11894,7,1
10791,9,6
10791,3,1
11834,8,1
11834,4,4
12510,1,4
12510,6,1
12510,5,4
10589,1,2
10589,9,6
10589,2,1
10589,3,7
10589,6,2
12366,1,4
12366,9,3
12366,8,3
12366,2,2
12366,7,3
12366,5,5
10159,1,5
10159,9,2
10159,3,2
11453,3,4
11453,6,3
11453,5,2
12358,9,1
12358,4,1
12358,2,2
12358,3,3
11914,4,5
11914,2,4
11914,3,3
11914,6,1
11071,1,3
11071,2,1
11071,7,1
11071,5,1
12482,9,2
12482,6,1
10113,1,3
10113,9,3
10113,4,2
10113,2,7
10113,3,1
10113,6,2
10113,5,1
10975,1,2
10975,9,6
10975,8,1
10975,4,3
10975,2,3
10975,3,2
10975,7,1
10975,5,3
11946,8,6
11946,4,4
10729,9,4
12962,9,2
12962,8,3
12962,4,3
12962,2,1
12962,3,3
11392,8,3
11392,4,2
11392,6,5
13204,8,5
13204,2,3
13204,7,2
12525,9,3
12525,3,3
11089,5,2
12005,4,4
12005,2,2
12005,3,6
12005,5,6
11812,7,4
12835,9,5
12835,8,1
12835,4,2
12835,3,1
11214,3,2
11214,6,3
11282,3,2
11282,7,3
10169,1,5
10169,2,1
10169,3,2
10169,6,1
10169,7,3
10169,5,2
13036,1,3
13036,8,2
13036,3,1
13036,7,2
12802,1,3
12802,9,2
12802,8,2
12802,3,2
12802,7,2
11722,3,2
11722,5,1
10220,9,2
10220,8,5
10220,2,3
10220,6,1
10220,5,5
11820,2,3
11820,6,5
10935,1,5
10935,4,5
10935,2,2
10935,7,1
10935,5,3
12833,8,5
12833,4,3
12833,3,2
12833,7,5
11240,9,2
11240,8,2
11240,3,2
10157,1,5
13197,1,3
13197,3,4
11055,9,8
11055,4,7
11055,7,4
11873,9,1
11873,8,3
11873,3,7
10286,8,4
10286,7,1
10286,5,7
11153,1,5
11153,9,2
11153,8,7
11153,2,2
11153,3,2
12087,8,1
12087,7,2
10269,1,5
10269,9,1
10269,8,4
10269,4,2
10269,3,3
10269,7,5
10269,5,2
10885,1,3
10885,9,2
10885,8,3
10885,6,2
11589,4,2
13034,4,2
13034,6,1
13034,7,2
11686,9,3
11686,8,5
11686,2,4
11686,6,2
11973,9,3
11973,2,3
11973,6,3
11445,9,1
11445,8,4
11445,4,3
11445,3,4
11445,7,1
12631,1,3
12631,8,1
12631,2,2
12631,3,2
12631,7,3
12527,1,2
12527,9,2
12527,8,5
12527,3,3
12527,7,3
12448,1,4
12448,3,4
11690,1,2
11690,9,4
11690,8,4
11690,3,3
11690,5,1
10141,9,4
10141,4,2
10141,2,1
10141,3,3
10141,6,2
10141,5,3
12673,9,3
12673,8,3
12673,2,4
12673,6,4
12673,7,1
11647,6,3
11647,7,3
11647,5,3
12972,4,5
12972,6,4
12959,8,2
12959,2,2
12959,3,3
12042,9,3
11454,1,1
11454,9,1
11454,8,1
11454,4,1
11630,1,1
11630,5,2
11605,1,2
11605,9,1
11605,6,1
13023,1,5
13023,9,1
13023,2,3
13023,3,1
13023,7,1
13023,5,5
12675,8,4
12675,4,3
12675,3,4
12675,7,3
10961,1,3
10961,4,3
12205,8,4
12205,2,3
12205,7,3
12205,5,1
11674,1,4
11674,8,2
11947,3,2
12630,7,1
10831,9,3
12381,9,3
12381,2,3
12381,3,3
12381,7,5
12381,5,5
12533,9,5
12533,2,4
12533,3,1
12533,7,6
10062,3,5
10062,7,4
11879,8,3
11879,6,2
11879,7,3
11879,5,3
11357,4,1
12763,1,6
12763,5,2
11117,9,5
11117,8,2
11117,6,1
11117,7,4
11117,5,1
12184,1,2
12184,8,4
12184,5,2
10479,1,3
10479,8,2
10479,4,4
10479,3,1
10053,9,8
10053,8,4
13373,2,2
13373,7,1
13373,5,4
12101,1,1
12101,9,1
12101,4,3
12101,2,3
12101,6,1
12148,1,4
12148,3,5
12148,6,1
12570,1,5
12570,2,4
12285,4,3
11027,9,2
11027,4,4
11027,6,1
11027,5,3
10410,9,1
10410,8,3
10410,6,4
10410,5,2
11375,1,2
11375,8,3
11375,4,1
11375,3,4
11375,6,3
13033,1,5
13033,4,4
12611,4,2
12611,2,3
12611,3,1
12611,6,2
12611,7,5
12611,5,6
10214,1,1
10214,9,4
10214,3,2
10214,6,1
10214,7,2
11952,2,4
11952,6,2
11952,7,2
12393,1,1
13045,9,3
13045,4,4
13045,5,2
10751,8,4
12463,9,2
12463,8,2
12306,8,3
12306,7,1
12306,5,5
12223,1,4
12223,9,2
12223,4,1
12223,7,3
10647,3,3
10647,5,3
11353,8,3
11353,4,6
10032,1,3
10032,2,2
10032,3,1
11253,5,4
13179,9,6
13179,2,1
13179,3,5
13179,7,1
10787,1,4
10787,9,3
10787,2,2
10787,3,4
10787,7,7
11215,1,2
11215,4,5
11215,6,1
12041,1,1
12041,8,2
12041,4,3
12041,7,1
12041,5,4
12209,1,6
12209,2,2
12209,6,2
13194,1,3
13194,9,3
13194,4,2
10181,8,5
13122,9,1
13122,8,3
13122,4,3
12077,9,4
12077,8,3
12077,4,2
12286,8,4
12286,4,3
12286,7,3
12940,1,3
12940,4,2
12940,2,3
10785,8,2
10785,4,2
10785,2,6
10785,6,1
10334,2,2
10334,3,3
10334,5,10
12490,4,9
12490,5,3
10573,4,4
10573,3,6
10573,6,2
10573,7,1
10295,1,4
10295,8,1
10295,4,5
10295,2,1
10295,3,2
10295,6,3
10295,7,2
11792,2,1
11792,7,2
11792,5,4
11329,1,2
11329,8,4
11329,3,1
11329,7,2
10426,3,5
10426,7,7
10426,5,3
13008,8,7
13008,7,3
10362,9,1
10362,5,1
12601,8,4
10155,3,7
10155,7,2
10155,5,5
13145,1,9
13145,4,4
13145,2,2
13145,3,6
13145,6,3
12788,1,1
12788,8,3
12788,7,2
12788,5,2
12069,1,5
12069,9,2
12069,4,1
12069,6,3
13252,2,3
13252,3,2
13252,6,5
12898,9,1
12898,3,3
11511,1,4
11511,9,2
11511,8,5
11511,4,4
11511,7,2
13041,9,2
13041,7,2
12426,1,4
12426,9,1
12426,3,3
12577,6,4
12577,7,5
10227,5,4
11244,9,1
11244,2,4
11244,6,1
11244,7,1
10438,1,4
10438,6,2
12304,1,1
12304,8,3
11299,4,1
11299,2,4
11538,1,2
11538,3,5
10240,9,2
10240,2,6
10240,3,2
10240,7,6
10240,5,3
11888,4,1
11888,2,1
11888,7,2
12792,1,4
12405,1,6
12405,4,3
12405,7,3
10162,1,1
10162,8,2
10162,2,7
10162,3,2
12680,1,1
12680,9,6
12680,7,3
12680,5,4
10275,9,5
10275,3,2
13263,9,1
13263,8,1
13263,3,1
13263,6,1
13263,5,3
10568,1,2
10568,6,3
10568,7,1
10568,5,2
12072,8,4
12072,2,6
12522,8,4
12522,2,2
11573,1,3
11573,4,2
11573,3,5
11573,7,5
11573,5,3
11710,8,5
11710,7,4
12526,1,2
12526,9,3
11324,9,4
11324,8,4
11324,3,3
11324,6,2
10535,1,3
10535,8,1
10535,4,3
10535,6,1
11023,1,6
11023,7,4
10429,1,3
10429,4,5
10429,7,2
10570,1,1
10570,9,5
10570,3,1
12410,9,4
12410,8,3
12410,4,3
12410,3,2
12410,6,3
12410,7,1
12651,9,8
12651,8,3
12651,6,3
12651,7,2
10851,6,1
12617,1,3
12617,9,4
12617,4,3
12617,3,1
13128,4,4
13128,3,3
13128,6,2
13128,7,1
11242,9,5
11242,8,3
11242,5,1
12508,4,7
12508,5,5
10513,1,3
10513,4,5
10513,7,2
10513,5,3
12268,6,1
12268,7,1
11678,1,2
11678,9,3
11678,8,4
11678,3,4
11678,7,5
11207,1,4
11207,8,2
11207,6,3
11207,7,3
11207,5,3
12035,2,1
12035,3,2
12035,6,2
12035,5,3
11594,2,1
11594,3,1
11594,6,4
11594,5,4
10771,1,1
10771,8,2
10771,4,5
10771,2,2
12845,9,3
12845,3,2
12845,7,1
12649,1,3
12649,2,2
12649,6,4
11343,5,7
10283,4,1
10283,5,3
12167,7,2
12167,5,5
11079,4,1
11079,5,1
11668,4,7
11668,3,2
11065,4,1
13119,9,4
13119,8,4
13119,2,3
10993,9,2
10993,4,1
10993,3,6
10993,7,2
10993,5,1
10389,9,1
10389,3,2
12791,9,4
12791,2,3
12791,3,4
12791,5,5
10510,1,7
10510,8,4
10510,7,3
10510,5,2
11608,8,1
11608,3,2
11608,6,1
12260,1,8
12260,9,4
12260,8,2
12260,4,2
12260,2,4
12260,3,4
10456,1,4
10456,9,1
10456,8,2
10456,6,1
10456,7,4
13015,1,7
13015,4,5
13015,2,3
13015,3,5
13015,5,2
10609,1,3
10609,9,4
10609,8,2
10609,6,2
10609,7,3
11736,4,3
11736,7,4
10615,8,5
10615,2,5
11518,1,6
12382,9,1
12382,8,1
12382,4,2
12382,2,2
12382,5,4
10841,8,2
10841,4,8
10841,3,4
10327,4,2
10327,2,2
10327,3,5
10327,6,1
11884,5,2
12999,4,3
12999,3,1
12999,6,1
12999,7,3
12427,8,3
12427,2,5
12427,3,5
12427,5,9
10006,9,3
10006,8,1
10006,6,4
10300,9,3
10300,8,5
10300,4,1
10300,2,3
10300,7,5
10300,5,3
12887,1,1
12887,9,3
12887,8,2
12025,1,2
12025,9,3
12025,2,2
12025,6,1
12025,5,4
13178,9,3
13178,8,1
13178,6,2
13178,7,6
10889,2,2
10889,6,1
10889,7,6
11075,7,3
11075,5,6
11885,1,6
11885,8,5
11885,2,2
11885,3,5
11057,1,4
11057,8,2
11057,3,1
11057,5,2
13215,1,3
13215,8,3
13215,2,4
13215,6,1
10463,1,2
10463,2,2
10463,3,1
10463,6,6
11625,9,3
11625,4,3
11625,2,1
11255,1,1
11255,8,4
11255,6,3
11255,7,2
10192,9,1
10192,3,1
10192,7,4
10192,5,3
10125,8,1
10125,7,4
10156,3,3
10156,7,1
10877,1,5
10877,3,5
10877,6,3
11957,9,1
11957,2,2
11957,5,4
12363,8,10
12363,5,2
12654,8,4
12654,5,4
10211,8,1
12337,8,5
12337,6,1
12337,5,6
11707,3,4
11707,7,3
11903,9,1
11903,8,2
11903,2,5
11903,6,1
11903,5,5
12824,1,3
12824,8,1
12824,2,2
12824,5,2
13176,1,1
13176,9,6
13176,2,7
13176,3,2
13176,6,1
13176,7,5
13176,5,1
11880,4,1
11880,2,2
11880,3,4
11051,9,3
11051,2,2
11051,6,1
11619,9,5
11619,8,5
11181,1,2
11181,8,4
11181,4,2
11181,2,2
11181,6,1
11181,5,3
10477,4,4
10477,3,5
10477,7,1
10296,8,2
10296,4,1
10296,2,2
10296,3,1
10296,6,5
10296,7,1
11695,1,2
11695,3,4
11695,6,1
11850,1,3
11850,4,3
11850,7,5
12774,8,3
12774,4,2
12774,6,3
12774,7,2
11339,4,4
11339,6,2
12897,1,4
12897,8,3
12897,5,4
12151,1,1
12151,8,3
12151,3,5
12151,7,4
10423,1,2
10423,6,1
10423,5,3
12515,1,2
12515,8,3
12515,2,2
12515,3,5
12779,1,3
12779,3,3
11447,9,3
11447,4,1
11447,7,4
11672,1,5
11672,3,4
10629,3,1
12600,9,3
12600,8,4
12600,2,1
12600,6,1
12600,5,2
12078,1,3
12078,9,2
12078,2,5
12078,5,1
12012,8,4
12012,3,4
12012,6,2
10205,9,2
10205,4,4
10205,5,4
11954,1,5
11954,9,3
11954,8,1
11954,2,2
10409,9,6
10409,4,4
10409,5,3
11203,4,1
12407,9,4
12407,4,2
12407,3,5
12407,5,1
11751,9,1
11751,3,5
11751,7,1
11493,1,3
11493,2,2
11493,7,1
13257,9,6
13257,6,3
12899,9,2
12899,8,4
11696,1,1
11696,4,1
11696,2,3
11696,3,3
11696,7,1
11696,5,2
12346,1,3
12346,6,1
12147,9,4
12147,3,4
12147,7,4
10480,4,1
10480,2,2
10480,5,2
12299,1,2
12299,9,5
12299,8,4
12299,4,2
12299,6,1
11975,1,1
11975,2,3
11975,3,5
11975,6,1
12907,9,4
12869,8,2
12869,4,3
12612,9,9
12612,4,5
12612,5,1
12032,2,1
12238,4,1
12238,5,6
13241,1,2
13241,9,2
13241,2,2
13241,6,1
12239,7,3
12239,5,3
13312,9,1
13312,5,3
11123,8,3
11123,4,5
11123,7,3
11123,5,6
12051,8,2
12051,3,4
11306,1,5
11306,9,5
11306,4,1
10441,4,1
10441,3,8
10441,7,4
10441,5,3
13020,1,1
13020,3,3
13020,5,6
11313,6,3
11313,7,2
12352,3,4
12352,7,2
11698,1,6
11698,8,3
11698,4,2
11698,7,5
11698,5,3
12712,8,1
12712,3,2
11718,4,5
11950,1,4
11950,9,2
11950,6,2
11950,7,4
13305,1,1
13305,5,5
12163,4,2
10058,8,1
10058,3,1
10591,9,4
10591,8,4
10591,7,3
10591,5,2
13160,9,3
11185,9,4
11185,8,2
11185,4,2
11185,2,2
11185,5,3
10937,1,5
10937,8,2
10937,2,1
12781,9,5
12781,8,5
12781,4,3
12781,7,2
12829,9,2
12829,2,2
12829,7,1
12587,1,5
12587,9,3
12587,8,3
10445,1,2
10445,9,3
10445,4,3
10445,2,6
10445,6,2
11035,9,3
11035,4,4
11035,3,4
12368,9,2
12368,7,1
12368,5,2
10103,3,3
10103,6,2
11466,1,6
11466,9,1
11466,8,2
11466,5,2
10304,1,3
10304,4,1
10304,6,3
10304,7,5
13105,4,1
13105,5,3
12963,8,5
12963,6,2
12963,7,4
12266,1,2
12266,9,1
12266,8,5
12266,3,1
11866,9,3
11866,3,3
11866,6,1
11866,7,5
11866,5,1
11349,2,2
11349,6,2
11349,5,1
13327,1,5
13327,9,4
13327,8,2
13327,5,3
11761,9,3
11761,8,1
11761,4,2
11761,7,1
11761,5,1
11348,1,1
11348,9,4
11348,7,4
12321,2,3
11099,9,2
11099,8,1
11099,6,2
13330,2,1
13330,6,2
12666,8,3
12666,6,2
13104,1,1
13104,8,2
13104,4,2
13104,3,3
13104,6,1
13104,7,3
11461,9,1
11461,4,3
11461,3,6
11461,7,2
12737,8,3
12737,2,1
12737,6,1
13240,3,1
13240,7,1
10031,6,1
12079,1,3
12079,9,5
12079,4,4
12079,6,1
10231,9,3
10231,4,3
10231,6,3
13137,9,3
13137,3,2
13137,6,1
13137,5,4
10265,1,3
10265,4,2
10265,6,3
12870,8,2
12870,5,4
11927,8,3
11927,3,5
11927,5,2
12553,1,2
12553,8,3
12553,3,6
12553,6,1
12716,8,3
12716,3,1
12716,6,1
10406,8,5
10406,2,4
10406,3,4
10406,6,3
10406,5,2
10366,2,1
10366,3,1
10177,9,2
10177,3,2
12830,4,2
12830,2,2
11810,9,7
11810,7,2
10278,9,4
10278,2,6
10278,6,2
10278,5,7
10282,1,2
10282,9,6
10282,8,7
10282,4,4
10282,3,3
10282,6,4
12336,1,3
12336,9,3
12336,4,5
12336,2,2
12336,3,1
12336,6,2
12336,7,2
10230,3,2
11504,1,3
11504,9,2
11504,2,1
12302,8,5
12302,3,7
11693,9,4
11693,7,2
12470,9,3
12470,8,5
12470,5,6
10133,2,4
10133,7,2
11105,1,5
11105,4,4
10486,1,5
10486,8,6
10486,2,1
10486,6,1
11593,8,2
12095,1,4
12095,2,1
12095,3,2
12095,6,1
10865,1,5
10865,4,3
13223,1,1
13223,9,4
13223,5,3
11714,1,1
11714,9,4
11714,7,4
11135,1,4
11135,9,1
11135,2,4
11135,3,6
11135,6,2
10043,1,4
10043,2,3
10043,6,2
10043,5,2
10569,3,1
12784,1,3
12784,4,1
12784,6,5
10747,8,1
10747,4,1
10747,3,3
10747,7,3
10124,1,6
10124,8,3
10124,7,3
11640,2,2
11640,7,1
12241,9,4
12241,8,3
12241,7,5
12241,5,1
12085,3,2
12085,7,3
13362,1,3
13362,4,2
10279,1,1
10279,9,2
12931,1,3
12931,4,4
12931,3,1
12931,7,4
12931,5,4
13286,1,6
13286,6,3
13286,7,5
11507,8,1
11507,4,1
11507,3,1
11507,6,1
12659,9,4
12659,8,3
12659,3,3
12659,6,1
13042,9,3
13042,2,6
13042,3,2
12983,1,5
12983,8,4
12983,4,2
12983,2,5
12171,9,4
12171,8,2
12171,3,2
11481,7,2
11948,1,2
11948,4,2
11948,2,5
11948,3,4
11159,8,2
11159,6,1
11159,5,3
12593,1,3
12593,9,6
12593,4,4
12593,2,5
12593,5,1
11236,1,2
11236,9,4
11236,4,3
11236,3,1
11236,7,1
10191,1,2
10191,8,1
10191,4,2
10191,2,2
10191,7,3
10191,5,2
10703,1,2
10703,8,7
10703,4,7
10703,5,1
12955,4,4
13026,8,3
13026,4,3
11314,1,2
11314,8,7
11314,4,5
11314,3,4
10126,4,4
10126,2,6
10126,3,6
10308,1,5
10308,4,2
10308,2,3
10308,7,4
10863,4,3
10863,2,2
10863,3,2
10863,5,1
12353,1,3
12353,9,6
12353,4,5
12353,7,2
12353,5,5
12459,8,3
12459,3,1
10354,8,2
12193,9,3
12193,5,4
10249,1,2
10249,9,3
10249,4,5
10249,7,4
10449,2,2
10449,3,3
10449,7,3
12878,2,2
12878,3,4
12985,7,1
12828,1,2
12828,8,2
12828,4,2
12828,3,1
12011,8,2
12011,3,3
12011,6,4
12011,7,3
12011,5,2
10745,9,3
10745,7,2
12694,8,2
12694,3,1
12694,6,3
12694,7,1
12694,5,5
10433,9,1
10433,7,6
11362,1,3
11362,8,3
11362,3,1
11362,7,5
13214,9,4
13214,4,3
13214,2,2
13214,5,2
13077,9,7
13077,8,1
13077,4,4
13077,7,1
11697,4,1
11697,6,1
11697,7,2
10464,1,2
10464,7,4
12864,1,3
12864,6,4
12379,1,2
12379,4,1
12379,2,5
12379,6,1
12379,7,4
12379,5,4
13212,8,3
13212,3,4
12941,1,2
12941,9,4
12941,4,5
10262,9,5
10262,8,1
10262,4,5
10262,2,2
10262,3,1
10262,7,4
10262,5,7
12851,8,3
10065,9,1
12217,1,1
12217,7,3
12933,1,3
12933,8,3
12933,3,3
11352,2,4
11352,6,4
11352,5,6
10917,8,3
10917,4,1
10917,2,1
10917,7,4
10421,1,5
10421,9,4
10421,3,2
10421,7,1
12089,9,1
12089,8,4
12089,6,3
11853,1,2
11853,3,5
11853,6,2
12783,1,2
12783,8,4
12635,9,2
12635,3,1
12635,6,2
12635,5,1
12768,1,1
12768,9,2
12768,8,4
12768,4,2
12768,7,4
12768,5,3
10030,1,1
10030,9,3
10030,4,3
10537,8,4
10537,4,3
10537,7,4
12697,8,2
12697,6,1
12860,9,5
12860,8,5
11596,1,2
11596,9,6
11596,8,2
11596,4,1
11596,2,4
11596,3,1
10437,1,1
10437,2,1
10437,3,5
10437,5,5
10179,9,4
10179,5,5
10083,8,2
10083,2,3
10083,6,1
10083,5,6
11143,8,5
11143,4,4
10536,8,1
13019,1,7
13019,3,4
13019,6,1
10121,9,1
10121,4,2
10121,2,4
10121,3,4
10121,6,1
10121,7,3
12058,1,3
12058,9,2
12058,3,3
12441,9,3
12441,4,3
12441,5,6
10077,1,2
10077,9,1
10077,2,5
10077,3,1
12773,4,4
12773,3,2
12773,6,6
12773,5,2
10514,9,1
10514,4,6
10514,2,4
10514,6,3
12021,9,1
12021,8,1
11578,9,6
11578,4,3
11578,3,1
11600,1,1
11600,8,3
11600,3,3
10403,4,5
10403,3,2
11245,4,5
11245,2,4
10797,1,5
10797,9,1
10797,8,3
10797,4,5
10797,6,1
10797,5,2
10543,1,1
10543,9,1
10543,8,4
10543,7,4
13258,9,1
13258,8,6
13258,2,6
13258,3,3
13258,5,2
11300,1,3
11300,8,2
11300,4,3
11300,2,6
11300,3,6
11300,6,1
11300,7,1
11300,5,1
10553,1,1
10553,7,3
12136,8,3
12136,3,5
10018,1,2
10018,9,7
10018,4,4
10018,5,2
13135,9,4
13135,6,3
11646,8,1
11646,3,5
11646,6,1
12512,9,3
12512,3,4
12512,5,3
11580,1,3
11580,5,2
10015,1,4
10015,9,3
10015,8,3
11377,2,1
11377,5,3
11681,9,2
11681,8,4
11681,7,2
12499,1,3
12499,8,5
12499,3,4
12499,6,4
12499,7,2
10048,3,7
10003,4,4
10003,7,4
12912,7,6
12912,5,1
11883,9,4
11883,8,6
11883,4,5
11883,7,2
11131,8,2
11131,7,3
11131,5,2
11586,1,1
11586,9,1
11586,3,3
11586,5,4
11262,1,7
11262,9,2
11262,8,5
11262,3,1
10333,9,4
10333,2,3
10333,7,2
11384,1,10
11384,7,1
12534,9,1
12534,4,3
12693,1,2
12693,8,4
12693,6,3
12693,7,1
11963,3,4
11963,6,2
11963,5,2
11966,1,7
11966,3,5
11966,5,1
12000,8,2
12000,4,4
12000,2,1
12000,3,5
12000,7,2
12000,5,4
12091,9,2
12990,8,4
12990,3,4
12990,6,3
12990,7,2
13211,1,2
12485,8,2
12485,2,4
12485,5,7
10911,2,7
13031,1,4
13031,9,2
13031,8,4
13031,4,6
13031,3,7
13031,7,1
13031,5,6
11597,1,6
11597,9,4
11597,6,2
11597,5,2
11555,1,1
11555,8,1
11555,5,1
11915,8,5
11915,7,4
11378,1,7
11378,4,3
11378,7,1
11083,1,2
11083,9,2
11083,8,1
11083,7,2
10324,1,4
10324,9,1
10324,8,2
10324,7,9
10324,5,1
11383,3,3
12825,8,2
12825,3,5
12825,6,3
12386,9,2
12386,8,3
12386,2,3
12386,3,1
12687,9,4
12687,4,3
12687,3,3
13287,1,2
13287,9,1
13287,8,2
13287,3,2
13287,6,3
13287,7,1
13278,9,2
13278,8,2
13278,4,1
13278,5,1
10835,1,4
10835,9,2
10835,8,6
10835,4,2
10835,6,4
10347,8,3
10347,3,5
10347,5,8
10507,4,5
10507,6,2
10070,9,2
10070,4,2
10070,6,1
11472,8,4
11472,4,4
11472,3,2
11472,6,3
11509,9,5
11509,8,4
11509,3,1
11509,6,1
11998,1,3
11998,9,4
11998,8,2
11998,3,2
12998,9,2
12998,8,4
12998,3,5
10795,8,4
10795,6,2
10795,7,6
10522,9,2
10522,4,6
10522,5,5
12586,8,2
12586,4,4
12586,3,3
12586,7,2
12766,2,6
12766,5,2
12911,9,5
12911,4,1
12911,5,6
11572,1,4
11572,8,5
11572,6,2
11572,7,5
11655,1,2
11655,8,3
12722,1,2
12722,9,1
12722,8,2
12722,4,3
10839,8,3
10839,3,6
10839,6,5
12327,1,3
12327,9,1
12327,8,6
12327,2,2
13274,9,1
13274,6,4
13274,7,4
10369,4,2
10369,3,1
12105,1,1
12105,8,5
12105,4,2
12105,2,4
12105,3,5
12435,1,3
12435,9,2
12435,2,2
12435,6,3
12435,5,4
11577,8,2
11577,4,4
11577,7,7
11577,5,3
10081,1,1
10081,8,3
10081,7,1
10387,1,6
10387,9,1
10387,2,4
13218,9,3
13218,8,3
13218,4,2
13218,7,6
13218,5,1
11743,9,1
11743,2,3
12235,4,4
12235,6,2
12235,5,2
12506,7,2
12795,1,5
12795,3,1
12795,6,1
12795,5,3
10134,8,2
10134,7,4
10134,5,3
12757,8,5
12757,4,2
12757,7,3
13092,9,2
13092,4,1
13092,3,3
13092,5,3
10422,1,4
10422,9,5
13115,9,4
13115,4,1
13115,6,4
13115,5,1
11420,9,4
11420,8,4
12295,1,6
13300,9,3
13300,4,7
10017,1,3
10017,9,3
10017,3,2
10017,6,1
10250,7,3
10250,5,2
12904,8,5
12904,4,2
12904,2,2
12947,1,2
12947,9,3
12947,8,2
12947,3,2
12947,7,6
12947,5,1
11005,4,2
11005,3,5
11005,6,2
11318,9,2
11318,4,6
11318,2,4
11318,3,2
11318,7,2
13276,8,2
13276,2,3
13276,6,2
11456,1,1
11456,9,2
11456,4,3
11456,2,3
11456,3,1
12556,8,2
11978,8,2
11978,4,1
11978,7,2
11664,1,2
11664,8,1
11664,2,1
13101,1,3
13101,8,2
13101,4,1
13101,6,2
13101,7,3
13101,5,2
13367,1,5
13367,9,3
13367,3,2
13367,7,4
11093,6,1
11093,7,1
11610,1,4
11610,9,2
11610,4,1
11610,2,5
11354,1,9
11354,9,4
11354,8,7
11354,6,1
10639,1,5
10639,4,1
10639,2,2
10639,3,3
10639,7,6
10639,5,1
11342,1,6
11342,9,3
11342,8,3
11342,4,7
12111,1,2
12111,9,2
12111,8,3
12111,3,1
10533,1,3
10533,8,2
10533,4,4
10533,2,4
10533,3,3
10533,6,2
10533,5,3
10208,1,2
10208,2,1
10208,3,4
10208,6,3
12629,4,2
12922,9,6
12922,4,2
12922,6,3
13094,8,2
13094,4,5
13094,3,3
13094,5,2
12691,2,3
12006,9,3
12006,8,4
12006,3,3
12531,6,3
12531,7,1
12259,1,1
12259,8,1
12259,3,4
12259,7,1
10991,1,1
10991,9,1
10991,4,3
10991,7,4
12755,4,6
12755,7,2
12755,5,4
10346,1,6
10346,2,5
10346,7,2
12395,6,1
12395,5,3
12233,9,6
12233,8,3
12233,2,2
12233,7,2
12628,1,5
12628,9,1
12628,2,4
12628,7,4
11999,9,2
11999,8,5
11999,4,1
10494,2,1
12500,1,3
12500,9,1
12500,8,8
12500,2,1
12500,5,2
10608,1,3
10608,9,2
10608,4,3
10608,2,5
10608,5,2
11285,1,1
11285,2,1
11606,1,2
11606,9,6
11606,4,1
11606,7,4
11606,5,3
12397,8,1
12397,3,1
12397,7,2
12015,3,2
12015,6,6
12015,7,4
12838,9,6
12838,2,3
12838,3,3
12838,5,1
11937,1,1
11937,9,3
11546,7,2
11462,4,1
11462,3,4
12688,8,1
12688,4,3
12688,7,1
12688,5,3
11279,1,3
11279,2,2
12634,8,2
10035,1,3
10035,8,5
10035,2,2
10035,3,4
10035,6,1
10035,5,1
10350,9,5
10350,8,1
10707,1,1
10707,9,2
10707,6,3
10106,1,2
10106,9,3
10106,3,6
11417,8,2
11417,4,2
11417,2,3
11417,6,2
12703,1,1
12703,2,3
12703,3,4
12703,7,1
12703,5,3
12545,9,3
12545,8,5
12545,4,2
12545,3,1
12545,7,5
10244,9,6
10244,8,7
10244,2,6
10244,3,6
10244,5,1
11007,9,2
11007,8,3
11007,2,4
11007,3,5
11007,5,4
12664,4,6
12664,2,1
12664,7,2
12664,5,3
10319,4,6
10319,6,1
10319,5,3
11895,1,3
11895,2,4
11895,3,3
11895,6,2
11874,1,5
11874,4,3
11874,2,5
11874,3,3
11874,5,4
12580,8,2
12580,4,4
12580,2,5
12580,6,1
12580,7,4
11025,1,4
11025,9,4
11025,2,6
11025,3,1
11025,6,2
11921,1,3
11921,7,1
11283,2,1
11283,3,3
12144,1,3
12144,8,1
12144,2,3
12144,3,3
12249,8,2
12249,4,2
12249,6,1
12249,7,4
12211,4,1
12211,2,4
12211,3,5
12211,5,3
11468,9,3
11468,4,3
11468,2,6
11468,3,3
10351,1,7
10351,8,2
10351,4,2
11616,8,4
11598,1,6
11598,2,2
11598,3,4
11266,8,4
11266,2,2
11266,3,2
11266,6,5
11266,5,8
11338,2,6
11338,3,1
11338,7,2
11382,4,1
11382,7,3
11382,5,2
11908,8,5
11908,4,5
11908,6,2
11908,7,1
12735,4,1
12735,7,3
11409,8,1
11409,2,2
11409,5,4
12623,1,2
12623,5,1
10667,3,2
10667,6,2
10667,7,5
10667,5,4
12865,9,3
12865,6,2
12865,5,1
10285,1,2
10285,2,2
12481,3,2
12756,9,5
12756,3,3
10777,3,4
13359,7,3
12895,9,3
12895,8,5
12895,7,1
12202,1,5
12202,9,1
12202,4,4
12202,7,4
12357,8,1
12357,2,2
12357,5,1
11351,9,2
11351,8,2
11351,3,2
11351,7,3
11351,5,1
12433,1,2
12433,4,2
12433,2,1
12433,6,4
11277,9,2
11277,8,2
11277,4,3
12965,9,1
12965,7,2
12965,5,6
12892,4,6
12892,3,6
12892,7,4
12892,5,2
11308,8,3
10336,9,5
10336,8,2
10336,2,3
10336,6,2
10336,7,2
10336,5,3
10909,8,3
10909,3,6
10909,6,2
11548,9,2
11548,8,3
11548,4,3
11548,2,2
11694,1,4
11694,2,2
11297,1,2
11297,9,5
11297,8,2
11297,3,5
12714,1,1
12714,9,4
12714,8,3
12714,4,2
12714,5,2
13279,1,1
13279,5,5
11427,1,1
11427,8,4
11427,4,3
11427,7,2
11427,5,2
12595,9,3
12595,5,1
12152,8,5
12152,6,1
11728,1,3
11728,8,2
11728,4,3
11728,2,1
11728,7,7
11728,5,4
10499,2,3
10499,7,1
10086,9,1
10394,8,3
10394,6,2
13267,9,1
13267,2,2
13267,6,3
11151,2,4
11151,3,4
11821,1,2
11821,3,1
11821,6,1
11821,7,3
12052,3,7
12052,6,4
12052,5,3
11727,9,5
11727,4,3
11727,6,1
11727,7,2
11727,5,1
13195,1,4
13195,8,2
13195,4,4
13195,3,2
13195,7,5
13195,5,1
11899,8,3
10743,8,6
10743,4,4
10743,7,3
10743,5,5
10313,9,2
10313,8,1
10313,4,2
10313,2,3
10313,3,1
10313,5,1
11716,1,3
11716,8,4
11716,4,3
11716,2,2
10490,4,2
10490,2,3
11904,1,4
11904,9,5
11904,5,7
12033,9,4
12113,1,4
12113,8,3
12113,5,2
12417,9,5
12417,8,4
12417,4,4
10845,1,2
10845,2,2
10845,5,2
11413,1,4
11413,9,2
11413,2,4
12536,9,2
12536,4,4
12536,2,1
12536,3,4
12536,5,1
12075,8,2
12075,3,6
12075,7,5
12075,5,1
10096,9,2
10096,4,4
10096,3,3
10096,7,1
10096,5,5
10705,1,2
10705,9,5
10705,3,5
10705,6,2
10596,9,1
10596,8,2
10596,2,3
10596,3,3
10596,5,2
13066,1,1
13066,9,1
13066,4,3
13066,7,9
13169,1,7
13169,9,4
13169,3,1
13169,5,3
12592,3,2
12592,7,8
12203,1,2
12203,9,1
12203,3,3
12203,5,4
11368,1,7
11368,9,3
11368,8,3
11368,2,1
11368,6,3
12229,4,3
12229,3,4
12229,6,3
10349,8,1
10349,4,1
10349,6,2
10349,7,3
11069,8,1
11069,2,5
11069,6,4
11069,5,4
13072,8,3
13072,2,3
12559,1,2
12559,3,3
12559,6,1
12559,5,7
12376,8,2
12376,4,3
12376,2,2
12376,3,1
13322,4,5
12059,9,7
12059,8,2
12059,2,2
12059,3,1
12059,7,1
12059,5,5
12806,4,3
12806,7,4
10398,1,1
10398,2,2
10398,3,1
10398,6,3
10398,5,7
11935,1,4
11935,4,5
11935,7,2
11935,5,2
10967,1,4
10967,9,7
10967,8,2
10967,2,1
10967,3,8
10967,7,1
10967,5,3
11410,8,1
11410,2,6
11410,6,2
12070,9,2
12070,2,2
12246,1,2
12246,4,2
12246,7,5
10580,3,4
10580,6,1
10580,5,2
12278,8,4
12278,2,6
12278,6,1
12719,9,5
12719,4,1
12719,2,1
12719,5,5
12834,2,1
12834,6,4
12834,7,5
11599,8,5
11599,5,1
10064,8,7
10064,4,2
10064,2,2
11506,2,4
11506,5,3
11932,9,5
11932,3,2
11932,7,4
12548,9,1
12548,8,7
12548,4,1
10184,9,2
10184,8,3
10184,4,3
10184,2,5
10184,7,3
11643,1,3
11643,8,2
11643,4,2
11643,3,4
11783,9,2
11783,2,2
13171,4,7
13171,6,2
13171,7,3
11611,9,2
11611,3,2
11611,6,3
11611,7,3
10444,3,3
10444,6,1
11847,1,8
11847,4,1
11847,6,2
11847,7,3
11847,5,2
11436,1,3
11436,4,2
11436,7,2
11436,5,1
13363,8,3
13363,4,1
13010,1,4
13010,4,1
13010,6,1
13010,5,1
12234,1,3
12234,8,2
12234,4,2
11615,4,1
11615,2,5
11615,3,1
11615,6,1
11615,5,2
12469,1,2
12469,8,3
12469,6,3
12469,5,4
11755,1,2
11755,9,1
11755,2,2
11755,3,3
11755,6,3
12394,9,3
12394,8,2
12394,2,2
12394,7,2
12003,4,4
11753,1,5
11753,9,5
11753,8,3
11753,4,4
11753,7,2
12272,9,5
12272,2,3
12272,3,4
12402,9,3
12402,4,2
12402,3,4
10093,8,3
10093,7,3
10093,5,2
12385,1,5
12385,9,7
12385,8,3
12385,2,3
12385,6,2
12385,7,2
11845,1,1
11845,2,5
11845,7,3
11845,5,1
11543,2,5
11543,3,1
11543,6,1
11543,7,2
11543,5,4
11943,1,4
11943,9,3
11943,2,4
11943,7,2
12725,9,5
12725,8,3
12725,4,5
12725,3,1
12725,6,2
12725,7,3
12725,5,8
10927,1,3
10927,2,4
10927,3,1
12176,3,1
12176,6,2
12176,7,2
10010,1,3
10010,9,2
10010,7,5
10010,5,1
11912,9,12
11912,3,1
11912,5,4
12197,8,4
12197,4,3
11877,8,5
13172,8,2
13172,2,3
13172,7,1
12045,1,1
12045,2,2
10138,1,1
10138,4,1
12310,2,3
12310,3,4
12088,9,1
12088,7,2
12084,4,2
12084,3,2
12084,7,1
12084,5,3
11823,9,2
11823,4,1
11823,3,1
10215,2,1
10215,7,1
12994,1,1
12994,8,5
12994,4,6
12544,4,2
12544,2,2
11346,9,5
11346,8,3
11346,4,5
11346,2,3
11346,6,1
11346,7,2
10107,4,3
10107,6,2
11484,1,3
11484,9,3
11484,2,3
11484,3,2
11484,6,1
11484,7,3
10110,9,1
10110,8,2
10110,2,2
10144,1,1
10144,2,1
10144,5,4
10717,5,1
11797,1,4
11797,8,2
11797,6,1
11443,4,4
11291,1,3
11291,9,4
11291,8,4
11291,2,5
11291,3,3
11291,7,4
11878,9,2
11878,4,4
11878,2,2
11878,3,1
11878,6,1
12329,1,3
12329,8,2
12329,2,5
11019,8,3
11019,4,5
11019,2,6
11019,7,2
11341,4,2
11341,2,1
11341,7,1
11341,5,5
12995,3,3
12995,7,4
12995,5,3
11476,1,1
11476,2,6
11476,7,3
11223,9,8
11223,8,6
11013,1,2
11013,8,2
11013,4,2
11013,3,6
11013,7,5
11013,5,3
12952,4,3
12952,6,1
12569,1,4
13228,1,4
13228,9,2
13228,4,3
13228,2,3
13228,5,2
11387,8,3
11387,2,3
11387,5,1
10052,1,3
10052,8,4
11390,4,2
12752,2,1
12752,6,1
12752,7,1
12422,4,2
12422,7,1
12852,9,3
12852,7,1
11809,4,1
11809,7,5
11809,5,2
12339,9,2
12339,2,1
12339,3,3
12339,6,3
12339,7,2
12224,8,2
12224,4,4
12224,7,3
13326,9,4
13326,3,2
13321,8,1
13321,7,1
11426,9,2
11426,4,2
11426,2,4
11426,6,3
11426,7,5
12684,1,4
12684,8,1
12684,4,2
12684,2,4
12684,3,4
12684,6,4
12684,5,3
10749,1,2
10749,2,4
10749,3,4
10749,7,1
11699,1,2
11699,9,3
11699,2,3
11699,5,5
11317,1,4
10122,8,1
10122,3,3
10122,5,1
12736,8,1
12736,2,1
12736,6,2
11045,6,3
12767,8,3
12767,5,4
10355,9,3
10355,4,3
10355,5,3
10653,9,6
10653,7,1
10653,5,1
10775,9,5
10775,8,2
12049,1,2
12049,9,1
12049,4,4
12049,3,3
12049,7,3
12049,5,3
11434,9,4
11434,2,3
12097,9,3
12097,8,4
12097,2,4
12097,6,2
12097,7,2
12097,5,2
12333,3,1
12333,6,3
12333,7,2
12966,4,2
12966,2,2
12966,3,2
12966,7,5
11331,6,1
11331,7,4
13369,1,6
13369,9,1
13369,6,4
13369,7,6
11682,1,7
11682,9,1
11682,8,3
11682,2,1
11682,3,4
12730,1,5
12730,9,3
12730,8,1
10512,1,7
10512,9,2
10512,4,1
10512,7,2
10512,5,5
13309,9,5
13309,8,3
13309,4,4
13309,2,3
13309,5,5
13188,9,5
13188,5,5
12840,4,5
12840,2,3
12175,2,7
12175,3,4
10604,1,4
10604,9,3
10604,8,5
10604,3,5
10604,6,2
10604,7,3
10645,1,2
10645,2,2
10645,6,3
10645,5,2
11366,4,3
12253,9,3
12253,6,1
12253,7,2
12253,5,1
12903,9,5
12903,4,3
12903,5,3
10301,8,1
10301,4,3
10301,2,4
10301,7,4
11322,4,3
10807,2,5
10807,6,1
10807,7,4
12619,1,2
12619,8,3
12619,2,7
12619,6,1
11848,1,9
11848,9,1
11848,8,3
11848,2,3
11848,7,1
11848,5,2
13288,2,1
13288,3,3
13288,7,1
13288,5,4
13051,2,4
13051,3,7
13051,7,4
11886,1,4
11886,8,1
11886,2,3
11886,6,2
11886,7,2
13289,1,2
13289,9,1
13289,8,3
13289,4,2
13289,2,3
13289,3,4
13289,7,3
13289,5,2
11275,9,7
11275,8,2
11275,5,2
13298,4,3
13298,2,2
13298,7,2
13298,5,4
12282,4,1
12282,2,2
12282,5,1
12237,1,1
12237,9,3
12237,6,3
11531,1,2
11531,9,1
11531,4,1
11531,7,3
11531,5,4
11356,8,3
11356,7,2
11356,5,2
11380,9,5
11380,2,3
11380,3,5
11380,6,1
11380,7,3
11380,5,2
11763,9,4
11763,8,3
11763,4,4
11763,2,1
11292,8,6
11292,5,8
10127,8,3
10127,2,3
10127,6,1
13310,1,1
13310,4,1
13310,2,4
13310,7,5
11808,8,1
11808,4,2
11808,2,4
11808,3,3
11808,7,3
12891,9,1
12891,4,5
12891,3,2
11393,1,1
11393,8,2
11393,2,4
11393,3,2
12749,8,4
12749,2,2
11764,4,4
11764,3,2
11764,7,3
11764,5,4
11803,3,4
11803,6,1
12373,3,3
11960,5,3
11933,8,1
11933,3,5
11933,6,1
10009,1,8
10009,4,2
10009,5,2
10719,8,2
10719,2,3
10719,7,3
12206,1,2
12206,4,3
12206,6,1
12206,5,6
13256,4,5
13256,7,3
13256,5,2
10606,9,3
10606,2,4
10606,3,2
10606,5,1
13272,1,4
13272,9,1
13272,8,3
13272,4,1
13189,1,5
13189,9,2
13189,6,1
13189,7,4
13189,5,3
11304,4,1
11271,4,4
11271,5,2
10130,1,1
10130,9,2
10130,4,4
10130,2,1
13067,8,2
13067,4,5
13067,6,2
12582,8,3
12582,6,1
11893,4,8
11893,6,1
11893,7,2
11893,5,2
11747,1,6
11747,9,4
11747,4,6
11747,2,1
11747,6,1
11747,7,4
11747,5,2
12128,2,5
12128,3,2
12128,7,3
12128,5,4
11101,9,5
11101,8,3
11101,4,2
11101,2,6
10359,8,6
10359,2,5
10359,6,3
11474,1,3
11474,9,3
11474,3,4
11474,7,5
12423,1,4
12423,8,5
12423,6,4
12423,7,2
12364,1,4
12364,4,8
12364,2,3
12364,3,4
11993,9,6
11993,8,4
11993,4,4
11993,6,1
11993,7,3
10587,4,3
11201,8,6
11201,4,5
11201,7,2
11201,5,6
12679,1,2
12679,8,1
12679,4,2
12679,2,4
13247,4,6
13247,7,5
13247,5,3
10432,1,3
10432,8,3
10432,4,1
10432,3,4
10432,6,3
10432,7,2
12645,4,5
13148,1,2
13148,4,4
13148,2,3
12764,8,3
12764,4,3
12764,2,1
12764,7,5
12341,2,5
12807,1,1
12807,2,1
12807,7,6
12420,9,3
12420,7,3
11929,9,4
11929,8,4
11929,3,3
11929,7,1
12315,2,2
12315,5,1
10197,8,2
10197,3,1
10741,1,3
10741,7,1
10741,5,2
13046,1,3
13046,9,5
13046,2,3
13046,3,1
11371,9,5
11371,8,3
11371,2,2
11371,3,3
12627,9,1
12627,4,5
12627,6,5
12627,7,4
12627,5,2
10402,8,3
11889,3,3
11421,8,2
11421,4,4
10094,8,3
10094,4,2
10094,2,2
10094,3,4
10094,6,7
10094,7,1
11532,6,1
11532,7,4
13078,9,2
13078,2,2
13085,8,3
13085,3,2
11494,1,2
11494,8,3
11494,5,1
11412,4,2
11412,3,4
11726,8,3
11726,4,2
13304,1,2
10857,1,3
10857,8,1
10857,2,4
10857,5,2
12520,9,2
12520,4,1
12520,2,2
12520,3,2
12520,7,2
11224,9,4
11224,4,1
11224,3,5
11224,7,4
13232,1,7
13232,3,5
13232,6,3
12856,9,1
12856,4,2
12856,3,2
12856,6,1
13203,1,2
13203,8,5
13203,6,1
13203,7,8
11717,1,4
11717,4,6
11717,2,4
11717,3,2
11717,6,1
10405,4,3
10405,2,1
10405,6,2
10097,9,1
10097,4,2
10097,2,6
10097,6,1
10097,7,5
10097,5,3
11819,1,3
11819,9,4
11569,1,2
11569,3,2
11569,7,6
11562,4,2
11562,6,1
10002,1,1
10002,9,4
10002,8,2
10002,7,4
13302,1,2
13302,3,3
11515,1,2
11515,9,1
11515,2,3
11515,5,1
10087,9,3
10087,2,1
10087,5,3
10546,9,3
12967,9,3
11642,8,3
11642,2,3
11642,3,7
10947,8,1
10947,4,3
10947,2,4
10947,3,4
10356,3,5
10356,6,2
12498,2,5
11779,1,3
11779,9,6
11779,2,3
12842,8,4
12842,2,2
12842,5,1
12118,1,6
12118,9,3
13216,6,2
12754,1,3
12754,8,3
13138,1,3
13138,4,5
13138,6,2
13138,7,5
12638,1,1
12638,4,2
12638,2,2
10897,9,4
10897,8,3
10897,2,1
10897,3,2
13060,8,3
10523,1,2
10523,4,2
13040,5,1
11922,1,1
11922,9,8
11922,6,4
12662,9,5
12662,8,5
12662,6,4
11465,8,2
11465,6,1
11465,5,1
12478,1,4
12478,9,5
12478,4,5
12478,3,4
12478,6,3
12478,5,4
13157,8,1
13157,4,4
13157,7,6
10489,9,6
10489,8,2
10489,4,3
10489,6,3
10489,7,3
10270,9,3
10270,6,1
10270,7,5
10270,5,2
10342,9,4
10342,8,1
10342,3,1
11272,1,4
11272,8,2
11272,3,6
11272,7,6
11547,9,3
11547,8,4
11547,2,2
11547,7,6
11547,5,4
13356,1,4
13356,9,2
13356,4,5
13356,3,2
13356,6,1
13248,9,3
13248,8,2
13248,5,3
13259,1,6
13259,6,1
13259,5,1
11467,4,3
11467,2,4
11467,5,4
11997,1,2
11997,9,3
11997,7,1
11997,5,4
10789,1,4
10789,8,2
10789,6,2
10789,7,1
11423,9,2
11423,7,3
11423,5,7
10452,1,2
10452,2,2
12543,4,1
12543,6,1
12543,7,2
12543,5,2
10339,4,3
13011,1,2
13011,9,5
13011,8,3
13011,7,2
12782,4,1
12782,3,3
12782,7,4
11394,1,1
11394,2,4
12750,4,2
12750,7,5
12750,5,1
11602,8,1
11602,4,3
13180,9,1
13180,4,5
13180,3,4
13180,7,6
13316,8,1
13316,3,5
13316,6,1
13316,5,6
12562,4,1
12256,8,1
12256,4,5
12256,3,2
12256,7,3
13071,9,4
13071,3,9
13071,7,2
11568,4,1
11568,2,1
10091,1,4
10091,9,1
10091,2,3
10090,1,4
10090,8,2
10090,4,5
10090,7,6
10090,5,2
12727,1,3
12727,9,5
12727,2,2
12727,6,1
12727,5,6
13191,9,3
13191,8,5
13191,6,1
10200,1,4
10200,9,2
10200,6,3
12893,1,2
12893,3,5
12893,6,3
12893,7,5
10588,9,5
10588,5,2
11961,1,1
11961,9,3
11961,8,4
11961,7,2
10621,9,2
10621,4,6
10621,2,5
10621,3,7
10621,6,1
12450,1,3
12450,9,2
12450,6,4
12450,7,3
11737,5,2
10625,9,2
10625,3,3
10625,7,6
11902,9,4
11902,8,1
11902,4,3
11902,3,7
11902,7,1
10361,1,5
10361,3,2
10361,6,1
10361,7,2
10361,5,1
10095,8,6
10095,2,4
10095,7,3
10095,5,3
11539,9,3
11539,5,5
12875,1,1
12875,6,2
12875,7,2
10436,1,4
10436,9,4
10436,8,5
10436,3,2
10436,5,4
10442,1,2
10442,9,2
10442,2,5
10442,6,1
10442,5,2
10357,3,3
10357,7,5
13143,1,1
13143,2,1
13143,7,2
10044,8,1
10044,4,2
12914,1,1
12914,4,6
12914,3,2
12914,7,4
12581,8,5
12581,4,4
12581,2,3
13352,9,2
13352,3,3
13352,5,1
11719,1,5
11719,8,4
11719,4,3
13163,8,1
13163,4,3
13163,2,1
13163,3,3
13163,7,1
13150,2,5
13150,3,1
13150,7,4
13150,5,5
12863,1,3
12863,2,4
12863,6,4
12863,5,6
10318,4,2
10318,7,8
10318,5,2
11968,1,3
11968,4,5
11968,3,5
11968,6,1
11968,7,2
11321,1,4
11321,2,7
11321,7,8
11321,5,3
13149,3,6
10206,9,1
10206,8,1
10206,5,3
11867,1,5
11867,9,4
11867,4,5
11867,5,2
12790,1,5
12790,9,6
12790,7,2
12929,1,3
12929,9,2
12929,3,2
11725,4,4
12770,1,1
12770,9,5
12770,3,1
12770,7,4
12770,5,2
11635,8,1
11635,2,3
11635,3,3
13371,9,2
13371,8,6
13371,2,1
13371,3,4
11560,1,1
11560,2,6
11560,5,1
11015,1,2
11015,4,1
11015,3,3
11289,9,2
11239,1,1
11239,9,3
11239,4,4
10045,9,2
10045,2,3
10045,3,3
10045,6,2
10045,7,5
10929,7,5
10929,5,3
12192,1,3
12192,8,4
12192,3,5
12192,7,3
11448,9,4
11448,4,2
11448,5,4
10659,1,2
10659,9,3
10659,2,4
10659,5,1
10116,1,7
10116,2,1
12323,9,5
12323,8,1
12323,7,1
13142,1,4
13142,9,5
13142,4,3
13142,6,2
13142,5,2
12370,4,5
12370,2,3
12370,6,2
13056,8,1
13225,1,2
13225,9,2
13225,4,1
13225,6,2
12713,9,4
12713,8,1
12713,4,1
12713,2,1
12713,6,3
12610,9,2
12610,3,1
12610,6,1
12138,8,1
12138,2,5
12138,3,2
12138,5,5
11636,7,2
13342,1,7
13342,8,3
13342,4,4
13342,3,1
13342,6,3
11115,2,3
11115,6,5
11115,7,5
11115,5,2
11591,1,2
11591,2,4
12486,9,2
12486,8,5
12486,7,3
12486,5,2
12109,1,7
12109,3,4
12109,7,3
12109,5,2
10833,4,6
12294,9,4
12294,8,1
12294,4,2
12294,5,4
12277,1,5
12277,2,4
12277,6,2
12277,7,2
10651,9,1
10651,4,5
10651,3,3
10651,6,3
10721,1,3
10721,9,5
10721,8,9
10721,2,3
10721,6,2
12023,9,3
12023,8,3
12023,2,4
10977,4,2
10823,1,2
10823,8,3
12563,2,1
12563,6,2
12489,1,1
12489,8,3
12489,4,3
12489,2,3
12489,3,1
12354,9,4
12354,2,1
12354,7,3
12354,5,1
11498,1,3
11498,4,3
11498,3,4
11498,5,6
12119,8,3
12119,6,1
12119,7,8
12119,5,1
11398,1,4
11398,8,5
11398,2,7
11398,6,1
12348,1,3
12348,3,5
11864,3,1
11864,7,6
11864,5,3
11259,8,2
11259,2,4
11259,3,1
11259,6,2
11259,5,3
11839,8,2
11839,3,2
11839,7,3
11936,9,2
11936,4,2
11936,5,1
12926,9,6
12926,4,7
12926,3,1
12858,1,4
12858,9,2
12858,8,2
12858,4,6
12858,5,2
13030,3,5
13030,5,3
12958,9,2
12958,8,2
12958,2,6
12958,3,1
12642,1,9
12642,9,1
12642,2,4
12884,8,1
12884,5,7
11490,1,3
11490,9,4
11490,8,3
11490,2,4
11490,6,1
11490,7,1
11127,8,5
12342,1,1
12342,3,5
12342,6,1
12342,7,7
12342,5,6
11559,1,4
11559,9,1
11559,8,2
11911,1,1
11911,3,3
12513,1,1
12513,3,2
12557,8,3
12557,4,3
12557,2,3
11037,9,3
12524,8,3
12524,4,2
12524,3,3
12037,1,1
12037,8,1
12037,2,1
12037,7,2
13162,1,5
13162,6,1
13162,7,5
13162,5,3
10143,8,1
10143,6,2
12514,1,2
12514,4,1
12514,3,1
12514,6,4
10430,1,3
10430,8,9
10430,4,5
12055,2,5
12055,3,1
12055,5,3
12993,8,1
12993,7,2
10161,8,5
10161,4,2
10161,3,4
10161,6,1
11571,1,4
11571,4,2
11571,6,5
10264,1,3
10264,9,2
10264,8,3
12313,6,3
12313,7,1
12313,5,1
10649,3,3
10649,6,1
13313,8,2
13313,4,4
11247,2,2
11247,7,5
13108,9,2
13108,2,3
13108,3,3
13108,6,2
11097,2,7
11097,3,3
11097,6,5
10723,1,3
10723,2,4
10723,6,4
10723,7,2
12732,1,1
12732,8,2
12732,4,3
12732,2,2
12732,3,2
12732,7,4
11087,4,3
11087,3,2
11087,6,3
11087,7,3
10655,4,2
11441,9,3
11441,8,2
11441,6,1
10328,8,1
10328,3,2
10328,6,1
10328,5,1
10493,1,3
10493,8,1
10263,1,1
10263,9,1
10263,2,3
10263,3,1
10263,6,2
10263,7,2
10111,1,1
10111,9,4
10299,1,4
13130,4,2
13130,3,1
12567,1,1
12567,7,1
11793,1,1
11793,4,3
11793,2,2
11320,1,1
11320,6,3
11320,5,2
12054,4,3
12054,3,5
12054,7,1
12476,1,4
12476,2,7
12476,3,4
12183,4,7
12183,3,4
12183,7,1
10594,8,4
10594,4,2
10594,6,3
10594,5,4
11918,3,5
13237,1,4
13237,6,5
12389,4,1
12389,2,7
12389,3,1
10919,1,1
10919,4,2
10919,2,2
10919,3,3
10919,7,3
10919,5,2
12547,9,6
12547,3,3
12547,5,1
12733,8,3
12733,4,1
11241,8,1
11241,4,3
11241,5,2
11364,9,1
11364,4,4
11364,3,3
11364,6,4
11801,2,2
11801,3,3
10194,1,4
10194,8,5
10194,3,3
12180,1,4
12180,2,1
12180,5,4
13358,9,4
13358,2,5
13358,6,3
13358,7,2
13358,5,3
13255,8,3
13255,2,1
13255,3,4
11627,1,2
11627,8,3
11627,5,4
12428,7,3
13068,8,3
13068,3,1
11565,1,5
11565,8,6
11565,5,2
13253,8,2
13253,3,2
13253,6,2
13253,5,3
13344,1,5
13344,8,4
13344,2,1
13344,5,3
10139,8,2
10139,2,1
10139,3,2
10139,6,1
11644,1,3
11644,8,6
11644,5,4
12168,8,3
12168,2,3
12168,3,3
12168,6,3
11147,1,1
11147,8,1
11147,6,1
11147,7,2
11147,5,2
10869,6,1
10869,7,3
10461,1,6
10461,2,2
10461,3,3
10461,6,3
12837,1,1
12837,8,1
12837,2,1
12837,3,1
12837,6,3
12837,5,1
13070,4,1
13070,3,3
12297,1,1
12297,8,3
12297,5,3
10291,1,1
10291,9,1
10291,8,1
10291,2,2
11011,7,4
12325,1,1
12325,4,3
12325,2,5
10552,4,4
10552,6,1
12473,8,4
12473,4,2
12473,3,3
12473,6,3
12473,7,5
10388,1,5
10388,8,2
10388,4,7
10388,7,1
12517,1,2
12517,6,4
12274,1,6
12274,4,4
12274,2,3
12274,6,1
12274,5,2
12017,8,3
12017,2,4
12017,3,1
10314,1,4
10314,8,2
10314,4,5
11519,9,5
11519,4,2
10290,1,2
10290,8,4
10290,6,1
12380,1,1
12380,8,5
12380,6,1
12380,5,4
12475,1,4
12475,8,4
12475,3,4
12786,8,1
12786,7,1
12242,8,1
12242,2,3
12242,6,1
12480,1,5
12480,8,3
12480,4,6
12480,2,2
12480,7,3
12480,5,4
10384,1,2
10384,3,3
10384,6,4
10384,5,6
10811,8,4
10811,4,5
10811,7,3
12944,4,3
12944,3,1
12944,7,1
12944,5,3
10241,1,4
10241,9,4
10241,8,4
10241,4,5
10241,6,2
10241,5,3
11260,1,3
11260,9,2
11260,8,4
11260,2,3
11260,6,3
11260,5,2
12708,4,2
12708,2,2
12708,3,3
12708,6,1
12708,7,4
11530,3,2
11478,2,3
11395,1,3
11395,8,2
11395,4,4
11395,3,4
11395,5,2
13103,1,2
13103,9,3
13103,8,3
13246,1,1
13246,3,2
11855,1,5
11855,2,1
11855,3,5
11855,6,1
12670,3,2
12670,6,1
12670,7,3
12214,1,4
12214,8,1
12214,4,2
12214,3,4
12214,7,4
12214,5,3
12464,7,7
10435,9,1
10435,4,3
10435,5,3
11739,1,2
11739,8,5
11739,3,1
11739,7,7
12047,9,6
12047,4,2
12047,5,2
13226,8,3
13361,9,2
13361,2,1
13361,3,2
13361,7,3
12715,1,4
12715,8,3
12715,4,1
12715,2,4
12715,5,3
10575,9,2
10575,7,2
10054,9,2
10054,4,1
10054,7,2
10054,5,1
13262,8,3
13262,4,6
13262,3,2
10414,6,1
10344,1,5
10344,8,4
10344,4,4
10344,3,1
10344,6,2
10344,7,2
12356,1,1
12356,8,8
12356,6,3
12356,5,7
12518,1,2
12518,9,5
12615,1,8
12615,4,1
12615,5,1
10375,9,4
10375,4,3
13123,9,5
13123,2,1
13123,3,3
13123,6,5
11981,9,3
11981,4,2
11981,7,1
11163,1,2
11163,2,4
11163,5,1
11073,1,3
11073,8,2
11073,3,6
10873,9,1
10873,4,2
10873,6,2
12179,1,9
12179,9,7
12179,8,2
10773,9,6
10773,5,1
13353,9,5
13353,4,2
13353,3,6
13353,7,4
12643,9,3
12643,4,2
11334,9,5
11334,8,1
11334,4,9
10498,8,2
10671,1,1
10671,8,3
11851,1,4
11851,8,2
11851,2,2
10447,8,1
10447,6,3
11563,9,4
11563,8,1
11563,5,5
12831,1,5
12831,9,1
12831,3,3
12831,7,2
12831,5,3
10352,9,3
10352,3,3
10171,9,5
10171,8,4
10171,4,3
10171,7,3
10171,5,2
12125,8,1
12125,5,1
12775,9,3
12775,6,4
12775,7,5
12775,5,4
13368,1,3
13368,8,1
13368,2,2
13368,3,4
13368,5,4
12053,4,5
12053,2,1
12053,7,2
12053,5,6
11400,9,1
11400,6,1
11400,5,3
12918,1,1
12918,8,6
12918,2,3
12918,3,4
12918,5,1
12038,9,1
12038,3,2
12038,7,2
12950,9,2
12950,4,5
12950,6,4
10895,1,5
10895,9,7
10895,2,2
12288,9,6
12288,4,4
12288,5,1
13002,9,3
13002,8,6
13086,8,2
13086,4,3
13086,2,3
13086,6,1
10907,3,2
10907,7,1
12010,9,6
12010,8,1
12010,4,2
12010,3,2
12010,7,2
11777,8,3
11777,6,1
12507,9,2
12507,8,6
12507,4,6
12507,3,2
12507,5,2
11800,9,4
11800,4,2
11800,7,1
11800,5,1
12133,9,3
12133,6,4
12133,5,1
12747,9,4
12747,4,4
12747,3,2
12747,6,5
12747,7,4
10372,1,3
10372,8,3
10372,4,4
10372,3,2
10372,6,2
10372,7,1
11731,8,2
11731,4,2
11731,2,5
11731,6,1
11891,8,4
11891,2,3
11564,9,4
11564,8,4
13007,1,5
13007,4,4
13007,5,2
11145,2,3
11145,5,6
11139,7,4
11284,1,4
11284,9,3
11284,7,2
11284,5,6
11183,9,2
11183,2,3
11471,9,2
11471,2,1
10014,6,2
10332,9,2
10332,2,3
10082,1,7
10082,9,1
10082,2,2
10082,3,3
10082,7,6
10261,9,7
10261,2,4
10261,3,1
10482,4,4
10482,2,1
10482,6,2
10482,7,4
10482,5,1
13270,2,4
11840,1,1
11840,9,3
11840,8,1
11840,3,2
11840,7,1
11977,9,1
11977,4,8
11557,1,3
11557,9,3
11557,8,3
11557,7,1
11557,5,5
11892,9,4
11892,4,4
11892,2,1
11650,9,1
11650,8,5
10779,1,4
10779,9,3
10779,8,3
10779,4,1
10779,2,2
10779,6,1
10779,7,4
10779,5,2
13129,9,2
13129,7,4
11452,7,3
11729,1,1
11439,8,4
11439,2,5
10969,9,3
10969,2,3
10969,6,3
10969,7,4
12390,1,5
12390,8,4
12390,4,3
12390,2,3
11870,9,1
11870,4,5
11870,2,1
13039,8,4
13039,4,3
13039,6,1
10225,6,1
11205,9,1
11205,3,4
11205,6,3
11205,5,2
10725,9,2
10725,8,2
10725,3,2
11549,9,1
11549,7,5
11549,5,3
10020,7,1
10525,1,1
10525,7,3
12501,4,4
11656,9,1
11656,2,8
10340,1,5
10340,9,5
10340,8,4
10340,2,3
13265,9,1
13265,8,2
13265,4,1
13265,5,2
12275,8,3
12275,4,2
12275,3,5
12275,7,2
13219,8,2
13219,4,2
13219,2,4
13219,5,2
13364,9,1
13364,2,1
13364,3,6
13364,5,5
11769,6,1
11782,8,3
11782,6,2
12421,1,1
12421,9,1
12421,3,2
12430,1,3
12430,2,2
12430,3,5
12430,5,5
11009,2,3
11009,3,6
11009,6,2
12599,1,1
12599,9,2
12599,3,2
12599,5,4
13006,4,8
13006,2,3
13006,6,2
13006,7,5
10521,1,3
10521,7,6
12686,9,3
12686,4,7
12686,5,3
12484,8,3
12484,4,2
12484,7,2
11669,4,5
11669,3,3
11017,1,1
11017,5,3
11503,1,7
11503,2,4
11503,3,6
11503,7,2
11503,5,3
11157,8,2
11157,5,3
10386,9,3
12298,4,4
12298,3,3
12298,7,4
12298,5,5
11865,8,5
11865,3,1
12103,8,6
12103,4,3
12103,5,5
11789,1,2
11789,4,3
11789,5,1
10517,1,6
10517,8,2
10517,6,1
13260,9,3
13260,2,4
13081,9,7
12685,1,2
12307,8,7
12307,2,2
12307,3,4
12307,6,5
12307,7,5
10207,1,6
10207,9,1
10207,8,1
10207,5,6
11446,1,3
11446,2,1
11438,1,2
11438,9,3
11438,8,4
11438,4,3
11438,5,2
10470,1,6
10470,2,1
10470,3,5
10470,6,3
12660,9,4
12660,8,2
12660,2,2
12660,3,2
12665,9,2
12665,3,2
12925,9,3
12925,8,4
12925,6,2
10995,9,4
10995,4,6
12554,1,3
12554,2,4
12554,3,3
11411,1,6
11411,2,3
11411,3,6
11411,5,5
13109,1,3
10364,1,2
10364,8,3
11199,5,2
13355,4,3
13355,2,2
13355,5,5
11964,1,4
11964,9,5
11964,8,2
11964,4,1
11964,2,4
11964,3,1
11940,9,3
11940,6,1
12143,9,5
12143,8,3
12143,4,4
12143,3,6
10060,4,4
10060,7,3
10060,5,2
12126,1,9
12126,5,3
12120,4,3
12120,6,3
12120,7,4
12607,1,1
12607,4,3
12607,3,3
12607,5,3
11766,1,5
11766,9,1
11766,3,5
11766,6,3
10413,1,2
10413,9,1
10413,4,4
10413,2,3
10413,7,1
10413,5,1
12271,1,1
12271,9,4
12271,8,1
12271,4,2
12271,2,3
13231,1,3
13231,9,6
13280,4,2
13280,2,3
11189,4,3
11189,2,1
11189,7,7
13324,1,5
13324,9,3
13324,8,6
13324,2,1
11307,1,3
11307,9,4
11307,8,3
11307,2,4
11307,5,1
12558,1,3
12558,7,5
12194,3,4
12194,6,3
12194,5,5
13125,8,3
13125,4,2
13125,7,8
13125,5,2
11794,7,4
10562,1,2
10562,9,4
10562,8,1
10562,4,1
10562,2,5
10562,3,1
10562,5,2
11345,3,4
11345,6,2
10117,8,1
10117,2,1
12718,8,1
12718,4,4
10875,8,2
10875,4,6
13155,1,4
13155,2,3
13155,6,3
12219,3,1
12219,6,3
12219,7,1
12219,5,2
10187,1,4
10187,9,4
10187,6,3
10187,5,3
11367,8,2
11367,3,5
10534,1,4
10534,9,2
10534,3,2
10534,7,2
12300,1,2
12300,8,7
12300,2,3
12300,7,4
10989,9,3
10989,2,3
10989,3,2
10989,7,1
10989,5,5
11822,9,2
11822,2,6
11822,3,6
11822,6,2
11311,8,5
12761,1,4
12761,9,2
12761,4,4
12503,9,4
12503,3,4
12503,5,7
11237,1,1
11237,9,2
11237,4,2
11237,6,2
11237,5,2
12584,1,3
12584,5,5
13325,2,1
11227,9,1
11227,5,5
12057,9,2
12057,8,6
11077,1,3
11077,3,4
11077,7,2
11077,5,5
12843,4,4
12843,2,3
12213,9,4
12213,8,5
11703,8,2
12106,8,3
12106,2,4
12106,6,1
12106,5,2
10631,1,3
10631,9,2
10631,4,3
10631,7,5
10757,4,1
10757,7,1
10757,5,1
10681,4,3
10681,2,2
10271,2,1
10271,6,1
10217,1,5
10217,6,4
11958,7,3
11522,4,2
11522,2,2
11522,7,1
11522,5,2
13293,9,1
13293,4,1
13293,6,4
13293,7,5
10047,1,3
10047,7,4
10495,7,4
11741,1,2
11741,9,1
11741,6,1
11741,7,1
11741,5,4
13044,9,2
13044,8,1
13044,2,2
13044,7,2
11281,1,3
11281,8,1
11281,4,3
11281,2,5
11281,5,4
10393,1,2
10393,7,5
10393,5,4
11149,1,2
11149,9,3
11149,4,1
11149,6,2
11149,7,4
11149,5,2
10011,6,3
10011,5,4
10971,1,5
10971,9,2
10971,8,7
12653,8,1
12653,2,3
12653,3,2
12653,7,1
12653,5,2
11161,9,5
11161,8,5
11161,4,7
11161,3,1
11161,6,1
10827,3,4
10827,6,4
12916,9,3
12916,4,1
12916,2,1
11982,8,5
11982,4,5
11982,2,4
12158,9,3
12158,2,1
12158,7,6
12158,5,4
12451,1,6
12451,9,3
12451,6,1
12451,7,3
13175,1,2
11900,9,1
11900,8,1
11900,6,4
12977,3,3
11524,8,4
11524,4,2
11524,2,2
11524,7,3
11524,5,5
13000,1,2
11211,1,2
11211,7,4
11211,5,3
10590,3,1
10673,1,4
12647,6,1
12391,1,6
12391,9,2
10051,1,1
10051,8,1
10051,4,4
10051,2,4
10051,7,6
12415,1,3
12415,5,4
12758,1,5
12758,8,1
12758,2,2
12758,3,2
12758,7,1
11744,1,4
11744,2,3
11744,7,1
11780,2,1
11780,5,1
12212,1,4
12212,8,1
12212,2,4
12212,3,5
12212,6,4
12212,7,3
12200,8,3
12200,4,5
12200,2,4
12200,6,2
12200,5,3
13343,1,1
13343,2,2
11953,9,2
11953,4,2
11953,2,4
11953,5,4
12991,4,3
10365,7,4
11545,2,1
11545,7,1
12424,8,3
12424,2,2
12424,7,1
12927,1,3
12927,6,2
12927,7,1
11623,9,1
11623,5,2
10595,9,6
10595,8,2
10595,3,2
10595,5,7
12827,9,1
12827,8,2
12827,2,4
12827,6,1
10102,7,6
12805,1,1
12805,9,2
12805,6,1
13199,9,1
13199,2,4
13199,3,4
10557,8,4
10557,6,2
10557,7,1
10557,5,2
11358,1,3
11358,9,2
11358,8,3
11358,7,6
11512,6,2
11512,5,5
12826,1,5
12826,9,2
12826,4,4
12826,3,2
12826,6,1
12361,9,3
12361,8,3
12361,4,1
12361,3,2
12361,5,2
12915,9,1
12915,4,6
12915,6,4
11657,1,3
13254,8,3
13254,6,4
12809,1,2
12809,9,2
12809,8,3
12809,4,2
12809,3,1
10226,3,1
10226,7,2
12437,1,2
12437,3,2
11633,8,5
11633,4,5
11633,2,6
11633,3,5
12815,2,3
12815,3,5
12815,6,1
10564,9,3
10564,8,2
10564,3,4
11980,8,5
11980,3,2
11980,5,3
11021,6,2
11388,2,3
11388,3,7
11388,6,1
11388,7,2
11388,5,4
13347,1,4
13347,8,5
11868,2,1
10460,1,2
10460,8,5
12724,9,1
12724,8,1
11592,1,5
11592,9,2
11592,3,3
11592,5,3
12322,1,4
12322,9,2
12322,2,4
12322,3,3
12322,6,1
12465,8,3
12465,3,3
12465,5,6
12956,9,4
12956,3,1
12956,6,4
11735,2,5
11735,3,1
10637,1,5
10637,8,2
10637,3,2
10637,6,3
12291,9,1
12291,6,2
12291,7,1
10338,8,3
10338,4,1
12472,9,7
12472,2,3
12472,5,2
12608,4,4
12608,7,4
12608,5,1
12751,3,1
13349,9,1
13349,3,2
13349,6,4
13349,7,2
13349,5,1
13370,1,3
13370,8,5
13370,2,2
13370,3,3
13370,6,1
11310,4,2
11310,2,2
11310,5,4
11677,1,1
11677,8,3
11677,4,1
11677,2,1
11677,6,2
12935,1,5
12935,9,3
12935,4,2
12935,5,6
10539,2,5
10539,7,1
11807,9,2
11807,8,3
11807,3,4
12572,1,3
12572,8,6
12572,6,1
11692,8,2
11692,2,4
10164,1,3
10164,6,1
10050,4,1
10050,6,4
10050,5,1
11486,9,2
11486,8,1
11486,4,1
11486,7,2
11486,5,1
10699,1,4
10699,9,3
10699,2,4
10699,7,1
12495,4,4
12495,6,3
11944,9,3
11944,4,6
11944,3,3
13306,1,4
12099,1,3
13205,8,1
13205,5,1
11762,9,1
11762,8,5
11762,2,1
11762,6,2
12400,1,4
12400,8,1
12400,3,2
12400,6,3
12400,7,3
12400,5,1
12794,1,2
12794,2,1
12794,6,1
10600,1,6
10600,8,8
10600,4,2
10600,2,2
10600,3,3
10600,7,3
10216,4,7
10216,3,1
10216,7,4
10216,5,2
12429,4,3
12429,3,1
12429,6,1
12429,7,3
12409,4,5
12409,7,1
11408,9,3
11408,8,2
11408,4,3
11408,3,6
11408,6,1
11408,7,2
10579,8,1
10579,4,3
12208,1,3
12208,9,2
12208,8,5
12208,2,2
12208,3,4
12208,5,2
11618,1,5
11618,8,2
11618,2,4
11618,3,4
11618,7,7
11618,5,3
11959,4,6
11959,2,2
11959,3,4
11959,7,3
10076,1,7
10076,4,7
10076,7,2
10076,5,1
11053,1,6
11053,3,3
11053,6,4
11053,7,3
11053,5,6
12702,3,6
12702,6,1
13089,1,5
13089,8,4
13089,3,3
11360,2,3
12467,9,4
12467,6,2
12467,5,2
10519,8,1
10519,5,1
11521,1,2
11521,8,1
11521,4,1
11521,3,3
11521,6,2
13050,9,3
10683,1,5
10683,8,4
10683,2,2
10683,3,1
10683,6,3
12896,1,3
12896,8,6
12896,2,2
11660,9,4
11660,7,1
12682,1,2
12682,9,5
12682,6,1
10793,9,2
10793,8,1
10793,6,4
10793,7,4
10793,5,4
12090,4,2
12090,2,5
12090,7,1
13314,1,3
13314,8,4
13314,4,3
13314,2,1
13314,7,1
12953,7,1
12849,3,7
12849,5,3
12667,8,4
12667,3,3
12667,7,3
11609,1,2
11609,9,2
11609,8,2
11609,4,2
10038,1,3
10038,7,1
10404,1,4
10404,3,2
10404,5,4
10021,9,4
10021,8,5
10643,9,3
10643,2,3
10643,3,3
10643,6,2
10643,7,3
10643,5,1
11495,1,3
11495,8,5
11495,2,1
11495,3,1
11495,6,2
11495,7,5
12375,9,4
12375,4,4
12375,2,3
12375,7,5
13271,1,3
13271,8,1
13271,3,2
11704,9,5
11704,2,1
12632,9,5
12632,8,3
12632,4,2
12632,2,3
12632,6,1
10189,1,1
10189,9,1
10189,8,4
10189,6,1
11294,6,3
11294,5,1
12690,9,1
12690,5,2
11583,1,3
11583,2,1
13133,8,1
13133,4,4
12692,4,4
12692,2,4
12692,5,1
12975,9,5
12975,8,4
12975,4,3
12975,2,6
12975,6,1
12975,5,2
12796,7,2
11770,8,5
11770,4,5
11770,7,2
10080,9,5
10080,4,4
10080,2,5
10080,3,7
10080,6,1
11590,2,4
11590,6,3
10893,1,4
10893,9,4
10893,7,4
10893,5,8
10046,1,5
10046,3,3
10046,5,4
10298,8,2
10298,3,3
10298,6,1
12923,1,5
12923,9,1
12923,8,1
12923,6,1
12289,1,3
12289,9,5
12289,2,4
12589,1,4
12589,2,4
12589,7,2
13110,1,2
13110,9,2
13110,4,1
13110,6,4
13110,5,6
12493,8,2
12493,4,6
12493,6,3
12493,7,1
12705,9,1
12705,8,3
12705,7,2
12705,5,2
13245,9,6
13245,8,6
13245,4,2
13245,2,1
13245,7,3
13245,5,1
10376,3,4
10376,5,3
11869,1,4
11869,8,3
11869,4,1
11869,3,3
11869,5,1
12312,9,3
12312,8,3
11550,1,3
11550,6,6
11550,7,2
12804,3,1
10540,8,2
10540,3,3
10540,7,4
11624,1,6
11624,9,2
11624,6,2
10619,9,1
10619,4,1
12729,1,1
12729,5,3
12882,9,1
12882,6,6
12445,3,2
12445,7,1
11440,1,5
11440,8,1
11249,1,1
11249,4,2
11249,3,3
10247,3,1
10247,6,1
12650,1,1
12650,9,1
12650,8,1
12650,4,2
12650,2,3
12650,3,1
12650,7,1
12650,5,4
11385,9,5
11385,8,1
11385,4,5
11385,5,2
10799,1,3
10799,4,5
10799,2,2
10799,3,3
10799,7,2
10799,5,1
12701,8,1
12701,4,3
10959,9,2
10959,8,6
10959,4,1
10119,8,3
10119,4,4
10119,6,1
10119,5,4
12279,8,3
12279,4,1
12279,3,3
12279,5,1
12207,1,5
12207,9,3
12207,8,4
12207,4,3
12207,2,2
12900,1,1
12900,9,4
12900,8,4
12900,2,3
12900,6,2
12900,7,6
12731,9,3
12731,8,5
12731,7,3
10330,1,2
10330,8,4
10330,4,1
10330,3,3
10330,7,3
10715,9,5
10715,3,1
10292,8,1
10276,4,2
10276,2,4
10276,6,3
10276,7,6
13121,1,3
13121,8,3
13121,3,4
13121,7,2
12026,8,3
12026,4,3
11293,1,3
11293,8,1
11293,4,3
11293,5,1
12225,1,3
12225,8,3
12225,4,2
10303,8,1
10303,7,4
10983,1,6
10983,9,2
10983,2,3
10983,3,3
10983,7,3
12107,1,4
12107,9,3
12107,7,1
10235,9,3
10235,8,2
10235,3,2
10235,7,2
10235,5,5
13083,9,6
13083,8,4
13083,3,4
13083,7,3
11433,9,2
11433,8,3
11433,4,1
11433,7,1
10024,4,6
10024,2,4
10024,3,4
10024,7,2
10024,5,3
12122,9,3
12122,2,4
12122,6,2
13181,4,3
13181,6,1
11464,9,1
11464,4,1
11464,3,3
11464,7,6
12153,1,3
12153,8,2
12153,4,2
12153,2,1
12153,6,1
10538,4,4
10538,2,2
10538,6,1
10538,7,3
10538,5,3
11323,2,2
11323,6,2
11323,5,5
12115,9,7
12227,4,1
12227,5,5
10448,1,4
10448,9,3
10448,8,1
10448,2,5
10448,6,4
10448,7,4
11683,1,5
11683,8,2
11683,4,3
10154,8,1
10154,2,2
10154,3,7
10154,6,2
12413,9,2
12413,2,1
12413,5,4
13329,1,3
13329,8,9
13329,4,2
13329,2,1
13329,3,7
13329,5,3
12218,1,2
12218,8,3
12218,4,4
12218,6,1
12218,5,4
12165,2,3
12165,3,3
12165,7,3
11676,9,2
11676,2,2
11676,3,2
11676,6,2
11676,7,1
11676,5,2
11852,2,5
11852,3,4
10383,3,3
10383,7,1
10891,1,3
10891,9,5
10891,8,5
10891,4,4
10891,2,3
10891,5,2
12365,1,4
12365,9,5
12365,8,2
12365,2,7
10165,8,5
10165,3,1
12110,8,1
12110,3,3
10178,5,4
11757,2,5
10201,1,3
10201,9,5
10201,8,5
10201,7,4
10109,4,6
10109,2,3
10109,3,4
12210,1,2
12210,7,4
11363,8,4
11363,6,3
10582,1,3
10582,4,2
10582,2,4
10582,7,6
12267,1,2
12267,9,1
12267,4,1
12267,2,1
12267,6,5
12267,5,5
10939,4,2
10939,3,3
10939,5,5
10145,7,5
13159,1,3
13159,9,5
13159,8,2
13159,2,6
13159,3,1
13159,5,4
13307,8,1
13307,3,1
13307,7,2
13307,5,1
10089,3,4
10089,7,6
10237,4,1
10237,7,5
13140,1,2
13140,2,4
13140,3,2
12574,3,1
12574,7,5
13064,4,4
13064,5,3
10585,3,5
10585,7,2
13001,3,7
13001,5,1
12196,1,3
12196,8,2
12196,4,3
12196,7,6
10374,1,2
10374,2,5
10374,6,5
10374,7,4
10374,5,1
11705,4,4
11705,3,2
11705,7,1
13016,1,3
13016,8,4
13016,6,2
13016,7,4
13016,5,4
10459,5,3
10549,1,1
10549,9,2
10549,8,5
10549,4,3
12652,9,3
12652,5,4
11369,9,3
11369,6,2
12002,1,2
12002,8,7
12002,6,4
10599,2,2
10599,3,5
10599,5,1
12162,4,1
12162,5,2
12541,8,3
12541,2,1
10005,1,3
10005,8,4
10005,4,1
10005,2,2
10005,6,2
10005,7,3
12456,4,1
12456,3,1
12456,7,4
11984,1,1
11984,9,5
11984,2,4
11984,7,3
13337,8,2
13337,4,2
12036,1,1
12036,4,1
12036,3,1
13227,1,3
13227,2,3
12252,9,8
12252,6,3
12252,7,5
10474,8,3
10474,4,3
10137,8,2
10137,2,2
12605,1,1
12605,8,5
12605,2,4
12605,5,1
13059,9,3
13059,8,3
13059,2,3
13059,3,2
13059,7,3
13156,8,2
13156,4,2
10105,9,2
10105,8,2
10105,6,2
10105,5,4
12982,1,2
12982,4,3
12982,3,4
11488,9,4
11488,4,4
11488,2,5
11488,3,1
11488,6,3
11381,9,3
10607,1,4
10607,4,1
10180,9,5
10180,8,2
10180,2,1
10180,6,4
10180,7,4
10180,5,1
12566,1,3
12566,8,2
12566,3,3
12992,1,1
12992,9,4
12992,8,6
12992,7,1
13173,4,2
13173,2,3
13173,3,4
13173,5,2
11216,1,3
11216,9,4
11216,2,2
11216,3,2
11216,5,6
12812,8,3
12812,6,2
12812,7,3
10071,3,3
10071,6,2
10462,9,1
10462,4,4
10462,3,3
10462,7,2
12819,1,3
12819,8,7
12819,2,4
12819,6,3
10104,1,2
10104,9,2
10104,8,3
10104,3,2
10104,5,3
10242,1,3
10242,8,5
10242,4,3
10242,6,2
10242,5,7
11457,1,4
11457,8,2
11457,2,7
11457,7,2
11457,5,3
12590,2,3
12590,3,1
10115,8,4
10115,2,3
10115,3,3
10115,6,3
12392,9,5
12392,4,4
10028,9,1
10028,8,3
10028,4,2
10028,2,1
10028,6,2
10028,5,2
12384,1,2
13118,8,6
13118,2,4
13118,6,1
10979,8,5
10979,2,1
10979,6,1
13320,1,4
13320,8,1
13320,2,2
13320,7,1
13320,5,4
12434,1,2
12434,2,5
11397,9,1
11397,4,5
11397,2,2
13202,9,8
13202,2,3
13202,7,4
13202,5,2
12602,1,2
12602,8,5
12602,3,3
11221,4,2
11221,3,2
11221,5,5
12377,9,3
12377,8,2
12377,2,1
12377,7,1
12377,5,4
12155,1,4
12155,9,1
12155,8,2
12155,2,4
12155,3,5
12155,6,2
12155,5,1
12583,4,4
12583,2,4
12583,7,3
12460,1,1
12460,9,3
12460,4,3
12460,2,4
12460,6,2
11337,1,1
11337,4,4
11337,7,1
11337,5,2
12247,1,3
12247,4,2
12247,7,1
12247,5,1
10239,1,3
10239,4,1
10973,1,3
10973,8,1
10973,3,4
11831,1,4
11831,6,3
11831,7,2
11723,1,1
11723,9,3
10899,1,4
10899,4,1
10899,3,2
10899,6,2
10899,5,4
10867,1,4
10867,2,1
10867,7,4
12455,1,4
12455,8,1
12455,4,1
12455,3,6
12455,7,6
12443,4,3
12443,3,3
10173,2,1
12046,1,1
12046,4,6
12046,2,4
12046,3,4
12046,7,4
13340,1,3
13340,2,5
13340,3,5
12383,4,3
12383,5,4
12968,1,6
12968,2,1
12968,7,2
12968,5,2
10921,1,1
10921,8,3
10921,4,4
10921,7,6
11962,3,3
11962,7,4
12080,9,1
12080,5,3
11234,1,4
11234,9,3
11234,2,3
11234,3,7
10571,9,3
10571,4,3
10571,2,1
10571,3,3
11265,3,2
11265,7,2
13126,8,5
13126,4,4
12186,9,6
12186,8,1
12186,3,2
10248,4,6
10248,3,3
10248,7,6
10167,2,3
10167,6,4
13186,8,4
13186,4,4
10572,4,1
10572,2,1
10572,3,1
11788,5,6
11095,3,3
11095,6,5
11095,5,4
11403,1,5
11403,2,5
11403,7,5
11403,5,5
13182,1,6
13182,9,5
13182,4,2
12132,9,2
12132,8,4
12132,7,5
12132,5,1
11302,9,3
10481,9,7
10481,8,1
10481,4,6
10450,9,3
10450,8,1
10450,6,2
10450,5,2
10343,1,3
10343,9,1
10343,8,5
10343,5,3
12100,9,2
10199,9,1
10199,8,3
10199,2,1
10199,6,2
10199,7,4
11916,9,2
11916,7,5
13079,1,4
13079,4,3
13079,2,3
13079,6,1
10013,1,4
10013,4,5
10013,2,7
10013,7,1
13096,1,6
13096,8,7
13096,4,3
13096,2,1
13096,3,1
12117,1,2
12117,2,3
12117,7,6
12669,8,1
12669,4,1
12669,3,1
12669,7,6
12669,5,2
12678,1,4
12678,9,1
12678,8,4
12678,2,2
12678,6,2
12678,7,4
11496,1,6
11496,9,4
11496,4,3
11496,3,2
11228,1,1
11228,9,1
11228,7,3
11759,2,3
11759,7,3
11759,5,3
11854,1,4
11854,8,5
11854,5,4
10496,2,1
10496,7,1
10853,1,5
10853,9,2
12769,9,1
12769,4,5
12769,7,2
12769,5,3
12800,4,3
12800,2,1
10223,9,2
10223,8,4
10223,4,4
10223,6,1
10223,5,1
10434,3,5
12013,6,1
12145,9,2
12145,3,1
12145,7,3
12145,5,2
10689,8,5
10689,2,3
11499,8,5
11499,4,5
11499,2,3
11499,3,5
12811,1,1
12811,4,4
12811,2,4
11402,9,2
11402,4,3
11402,3,3
11415,4,3
11415,2,4
11415,5,6
12349,1,1
12349,9,3
12349,8,3
12349,3,6
12349,7,1
12349,5,1
12177,1,4
12177,4,2
12177,3,5
12177,7,1
11428,1,10
11428,8,1
10617,1,2
10617,4,3
10617,7,4
10617,5,5
11485,9,9
11485,6,1
11119,1,7
11119,9,2
11119,8,4
11119,3,1
11119,5,1
11930,6,1
11930,7,4
11930,5,1
10073,8,2
10073,2,5
10073,7,2
10073,5,3
10737,8,1
10737,6,2
10737,7,2
10142,9,2
10142,8,1
10142,2,1
10151,1,1
10151,9,2
10151,5,4
12552,8,6
12552,3,4
12191,8,4
12191,6,2
12191,7,4
11746,9,2
11746,8,4
11746,4,5
11746,3,3
10204,1,3
10204,9,4
10204,8,2
10204,4,2
10204,2,2
10204,5,3
11269,1,1
11269,9,7
11269,4,5
11269,5,4
10527,4,5
10527,6,1
10527,5,2
10399,1,1
10399,2,3
10399,5,1
12707,9,3
12707,4,4
12707,2,3
12707,5,1
12166,9,1
12166,4,6
12166,2,1
12166,5,2
10238,1,2
10238,7,4
12614,1,5
12614,3,4
12614,7,1
10781,8,1
10781,3,3
10781,7,2
10781,5,4
13017,1,1
13017,6,2
13017,7,1
12720,5,1
10311,1,1
10311,8,3
10311,2,4
12683,1,3
12683,8,5
12683,4,5
11639,4,4
11639,3,6
11639,7,1
11639,5,4
13185,9,1
13185,6,5
10266,1,3
10266,4,5
10266,2,5
11250,1,3
11250,7,3
12890,8,2
12890,4,1
12890,2,2
12890,7,3
10172,1,6
10172,7,3
10188,8,5
10188,3,5
12813,1,7
12813,4,1
12813,7,2
12636,1,5
12636,9,4
12636,4,4
12636,6,2
12797,1,1
12797,9,6
12797,6,3
12797,7,2
10484,2,4
12116,9,1
12116,7,5
11919,9,4
11919,6,1
11919,7,3
11919,5,2
13055,5,2
10425,1,2
10425,8,5
10425,6,1
10425,5,1
11836,4,1
11836,2,5
10679,4,1
10679,2,3
10679,3,1
12056,2,1
12056,3,2
12564,8,1
12564,6,1
12564,7,4
11233,1,2
11233,9,2
11233,5,4
11824,8,1
11824,4,4
11824,5,1
11871,8,3
11871,3,4
11871,6,3
11871,7,3
11934,1,6
11514,7,1
10219,8,4
10219,3,3
10219,5,7
10500,9,1
10500,8,3
10500,4,6
10500,6,1
10500,5,6
11229,1,1
11229,8,1
11229,4,4
11229,2,3
11229,3,3
11229,7,3
11229,5,3
10373,8,3
10373,4,2
10373,2,7
10373,3,2
10373,6,1
10373,7,2
12137,1,1
12137,9,3
12137,4,3
12137,5,1
10112,4,3
10112,5,1
12866,2,4
12866,6,4
11827,2,3
11827,6,3
11827,7,3
10933,1,1
10933,9,4
10933,4,5
10933,2,4
10933,7,2
10170,9,2
10170,2,3
10532,1,3
12530,4,4
12530,6,1
12530,5,1
12877,7,7
10049,9,6
10049,8,5
10049,4,5
10049,3,6
13273,9,4
13134,9,6
13134,8,3
13134,2,2
13134,3,1
13134,5,1
11327,1,4
11327,4,2
11327,3,4
11327,6,4
11327,7,5
13102,9,2
13102,8,1
13102,2,2
13166,9,2
13166,2,3
13166,5,3
11829,1,1
10163,5,2
10008,4,2
10008,2,5
10008,3,1
10008,5,1
11843,1,4
11843,9,6
11843,8,1
11843,7,2
11843,5,2
10335,4,4
10335,2,6
10335,5,1
10985,9,1
12509,9,1
12509,7,1
10829,1,2
10829,8,2
12243,1,3
12243,9,7
12243,5,2
10377,2,9
10377,3,4
10377,7,3
10377,5,5
12921,4,2
12921,2,7
12787,9,2
12787,4,3
12787,6,4
11601,2,3
11601,3,2
11601,5,1
11187,9,1
11187,8,1
11187,3,7
11187,6,1
11187,7,2
12772,1,1
12772,4,2
12772,7,1
13282,9,1
13282,6,1
11534,1,1
13261,4,1
13261,3,4
13261,6,2
13261,7,1
11575,1,4
11575,9,3
10965,3,2
10965,6,4
10965,5,6
12232,8,2
12232,4,4
12232,3,3
12232,6,3
12029,1,3
12029,2,6
12029,3,4
12029,7,2
12029,5,8
12471,3,2
13303,1,2
13303,4,3
13303,2,1
13303,6,3
11121,1,3
11121,2,1
11121,7,3
12001,1,5
12001,9,5
12001,2,4
12001,6,4
11709,1,1
11709,9,6
10059,8,2
10059,4,5
12190,8,5
12190,3,4
12190,7,3
12250,1,6
12250,9,1
12250,2,1
12250,6,1
13365,9,3
13365,3,2
13365,6,5
13365,5,4
13147,1,3
13147,9,3
13147,6,1
12672,9,4
12672,8,5
12672,4,3
12672,6,1
11856,1,3
11856,9,3
11856,4,1
11856,2,5
11856,3,3
11856,7,9
11856,5,3
12273,4,1
12273,6,2
12949,9,3
12949,8,3
12949,5,6
12742,9,3
12742,8,4
12742,4,3
12742,3,2
11752,1,2
11752,8,2
11752,6,1
11263,1,4
11263,8,2
11263,2,2
11263,5,2
11712,9,2
11712,4,3
11712,2,2
11712,7,5
11712,5,5
12454,3,2
12454,7,6
13024,9,2
13024,3,1
13024,5,3
10467,8,6
10467,2,2
10467,7,3
12663,4,1
12663,3,3
12663,6,1
10085,8,4
10288,8,2
10288,4,1
10288,6,2
10288,7,3
12588,9,5
12588,8,1
12588,2,1
12588,7,1
12588,5,3
10524,6,3
10254,1,2
10254,4,3
12681,1,4
12681,9,1
12681,4,1
12681,5,2
11629,9,3
11629,8,5
11629,2,2
11629,7,6
10913,8,5
10913,2,4
10913,3,5
10913,5,3
13073,1,4
13073,9,4
13073,8,1
13073,5,3
13351,2,1
13351,3,1
13351,7,3
12822,4,4
12822,2,2
12822,3,2
12822,7,3
12822,5,1
12861,9,3
12861,2,3
10224,8,2
10224,4,3
10224,2,2
10224,3,1
10224,6,1
12496,9,7
12496,8,5
12496,2,6
12496,6,4
12496,5,3
11167,7,5
11917,1,6
11917,9,3
11917,8,3
11917,6,4
11917,5,2
12936,9,5
12936,8,2
12936,4,2
12936,3,3
12936,5,2
13027,1,4
13027,8,2
13027,2,3
11992,9,2
11992,8,5
11992,2,3
11992,7,5
10101,9,1
10101,4,5
10101,3,2
10101,6,1
10101,5,2
12671,1,4
10268,9,1
10268,6,4
10268,5,5
11749,1,7
11749,7,3
10416,1,2
10416,9,3
10416,8,2
10416,4,1
13076,1,2
13076,2,1
13076,3,2
11113,1,5
11113,8,2
11113,2,2
11113,6,4
10202,8,6
10202,5,4
11061,1,3
11061,9,5
11061,8,4
11061,4,3
11061,2,3
12231,1,3
12231,9,1
12231,2,2
12231,3,3
12231,6,3
12657,1,1
12657,9,6
12657,3,3
13372,9,4
13372,8,4
13372,4,4
13372,6,1
11620,5,1
10023,1,1
10023,9,3
10023,2,2
10023,3,2
10943,9,4
10943,4,2
10943,6,3
12954,1,5
12954,8,4
12954,5,5
10881,1,2
10881,9,3
10881,4,6
10881,7,4
12086,1,1
12086,2,4
12086,6,2
13294,5,2
10056,1,1
10056,2,3
10056,6,3
12030,1,3
12030,9,3
12030,8,2
12030,4,4
12030,3,1
12030,6,1
12844,1,2
12844,9,3
12387,1,7
12387,3,4
11361,8,3
11361,7,1
11361,5,1
10131,1,5
10131,9,2
10131,8,2
10131,7,1
12071,4,2
12071,2,2
10603,1,1
10603,8,3
10603,4,1
10603,7,5
10603,5,1
12989,1,5
12989,8,4
12989,4,4
11422,8,3
11422,7,5
11422,5,3
12637,8,4
12637,2,6
13243,8,3
13243,2,2
13243,3,3
13243,6,4
10411,2,6
10411,3,2
10411,7,2
10411,5,3
11171,1,1
10135,8,3
10135,4,3
10135,7,1
10855,9,2
10855,8,8
10855,3,2
10855,6,1
13004,1,2
13004,9,4
13004,2,4
13004,7,5
12164,1,4
12164,8,2
12164,6,3
12164,7,2
12696,1,5
12696,9,4
12696,8,1
12696,2,4
11325,7,3
12997,2,4
12739,1,1
12739,8,4
12739,7,4
12739,5,3
10701,1,4
10701,8,2
10701,4,3
10701,2,1
10701,6,2
10701,7,3
10182,9,4
10182,4,5
10182,3,1
10182,7,1
11785,1,4
11785,9,4
11785,2,6
11785,6,3
11785,7,1
11785,5,2
10186,1,6
10186,4,1
10186,2,7
10186,7,4
10186,5,1
13037,1,1
13037,7,5
13037,5,4
10353,1,2
10353,9,2
10353,4,5
10353,6,2
12093,1,3
11177,1,5
10061,1,1
10061,3,2
10061,5,3
11907,1,2
11907,4,2
11907,3,6
11830,4,6
11830,6,3
13013,1,2
13013,9,1
13013,6,5
13013,7,6
10381,4,1
10381,2,2
10381,6,2
13057,1,4
13057,2,1
13057,6,4
13057,7,1
12461,8,1
12461,2,2
12461,3,4
12461,6,1
11386,2,3
11386,7,6
12596,1,5
12596,9,5
12596,8,2
12596,7,4
12596,5,2
10153,1,6
10153,8,2
10176,1,2
10176,8,1
10176,4,3
10176,2,8
10176,3,3
10176,5,1
10476,1,4
10476,2,3
10476,6,1
11614,1,6
11614,8,1
11614,4,3
11469,1,3
11469,4,8
11469,6,1
11469,7,5
11469,5,2
12308,4,4
12308,7,1
12854,8,5
12854,2,4
12854,5,2
12618,9,4
12618,2,2
11775,9,1
11775,8,4
11775,4,6
11775,6,4
11775,7,5
11898,8,7
11898,3,1
11898,7,3
11552,4,3
11552,2,2
12043,9,3
12043,8,4
12043,4,4
12043,2,2
12043,5,1
10516,8,1
10516,6,2
11844,8,6
11844,5,2
12305,4,2
12305,3,3
11687,7,6
12031,1,3
12031,9,2
12031,8,4
12031,4,4
12031,2,3
12031,3,1
12031,6,3
12031,5,2
10583,4,4
10583,3,5
10150,8,1
10150,5,2
12951,1,6
12951,9,3
12951,3,1
12951,7,2
11232,1,5
11232,9,1
11232,8,3
11232,3,11
11232,5,1
12416,1,2
12416,8,4
12416,2,2
12416,6,5
12416,7,3
11399,9,1
11399,8,1
11399,2,6
11399,5,1
10209,8,4
10209,4,1
10209,2,2
11416,9,2
11416,6,3
11416,5,3
11667,8,4
11667,4,12
11667,2,4
11667,6,1
11667,7,6
13061,8,3
13061,2,2
13061,3,3
13061,6,2
12960,1,1
12960,9,1
12960,6,1
12960,7,2
12960,5,1
12067,9,2
12067,4,4
12067,2,6
12067,7,5
12067,5,2
10149,4,7
10149,2,5
10149,3,4
10149,5,3
12074,1,2
12074,4,6
12074,3,4
12074,6,2
11742,4,4
11742,5,2
13158,6,1
11872,8,6
11872,4,2
11872,5,2
10556,9,2
10556,4,3
10556,2,2
10556,7,3
12532,1,5
12532,9,1
12532,8,5
12532,4,3
12532,3,3
12532,6,3
12532,5,3
11790,1,1
11790,5,5
11316,4,2
13345,1,5
13345,4,2
13345,3,4
12320,1,4
12320,9,5
12320,3,1
10612,4,2
10612,2,3
10612,6,2
11359,8,2
11359,7,3
12945,4,1
12945,3,3
12945,5,1
12024,4,1
12024,5,2
13022,7,4
12178,1,2
12178,9,1
12178,7,4
13224,7,3
13224,5,5
12676,4,1
12676,6,1
12986,1,8
12986,2,4
11956,9,2
11956,8,3
11956,2,7
11701,1,4
11701,4,1
11701,2,3
11701,7,3
10294,9,2
10294,8,8
10294,3,1
13168,2,6
13168,7,3
11909,1,4
11909,8,1
11909,3,1
11909,7,1
11909,5,4
12335,9,3
12335,8,6
12335,2,2
12335,3,4
12335,6,1
10454,1,3
10454,8,3
10454,4,3
10454,2,1
12061,9,1
12061,8,4
11846,3,3
11846,6,2
11846,7,4
11846,5,3
11805,1,5
11805,8,4
11805,2,3
11805,3,2
11805,6,2
11805,7,1
12204,6,2
11551,4,1
11551,3,7
10368,4,8
10368,2,3
10368,3,1
10368,6,1
10368,5,3
12287,8,2
12287,3,2
12287,5,1
12853,4,3
12331,1,7
12331,4,1
12331,2,3
12331,3,1
12331,6,1
10439,9,1
10439,4,3
10439,3,9
10439,6,1
13236,8,3
13236,5,1
12328,1,7
12328,8,4
12328,7,3
11230,1,1
11230,9,4
11230,8,4
11230,6,1
11333,1,5
11333,3,1
11333,7,1
13136,2,2
13136,3,3
12973,9,3
12973,7,4
12973,5,1
10012,1,3
10012,4,4
10012,5,2
13124,1,4
13124,6,1
10323,1,2
10323,8,1
10323,2,3
10323,6,1
12745,1,3
12745,9,6
12745,8,3
12745,4,2
11473,1,3
11473,9,3
11473,2,6
12269,5,2
10849,1,4
10849,9,3
10849,2,4
10849,3,2
10849,7,4
10371,8,2
10371,6,6
10371,7,1
12568,9,7
12568,3,5
12568,6,1
12568,5,3
10267,1,2
10267,9,1
10267,8,4
12504,8,1
12345,1,2
12345,5,2
10578,9,3
10578,2,2
13268,1,3
13268,4,6
13268,2,2
13268,3,1
13268,6,1
13268,7,5
11326,1,2
11326,9,4
11326,4,2
11326,6,2
11219,1,2
11219,4,4
11219,2,5
11219,5,8
10069,1,6
10069,8,3
11039,1,3
11039,8,1
11039,4,4
13315,9,5
13315,8,1
13315,4,7
13315,6,3
10098,1,6
10098,3,3
10485,1,3
10485,8,1
10485,4,5
10485,6,1
10468,1,7
10468,4,3
10468,2,4
10468,3,4
10468,6,5
10468,7,3
11688,5,2
12777,1,5
12777,9,1
12777,8,1
12777,7,1
10257,9,3
10257,8,1
10257,2,2
10257,3,1
10257,7,2
12668,1,2
12668,9,1
12668,8,4
12668,6,1
10554,9,6
10554,8,2
10554,4,3
10554,2,2
10554,6,1
10554,7,4
12280,1,4
12280,5,4
11001,1,3
11001,4,1
11001,6,1
11001,7,1
11401,2,4
11401,3,1
12201,9,4
12201,6,2
11890,4,4
10309,1,2
10309,9,1
10309,8,4
10309,6,1
11971,9,1
11971,4,5
11971,2,4
12832,8,3
12832,4,2
12814,1,3
12814,8,4
11817,4,1
11817,5,1
11355,1,2
11355,2,1
11355,7,1
11355,5,1
10825,4,2
10825,5,3
12565,8,3
12565,4,6
10400,2,1
10400,7,1
12340,6,3
12340,7,1
12340,5,2
12458,1,3
12458,9,1
12458,5,3
10803,1,1
10803,6,1
10801,4,5
10801,2,4
10801,7,4
10801,5,2
10213,3,4
10213,7,3
11901,1,1
11901,8,4
11901,2,4
11197,1,2
11197,8,3
11197,4,2
11197,3,2
11197,7,1
13206,7,3
12094,1,2
12094,9,1
12094,5,1
12571,1,2
12571,9,3
12571,4,5
12571,2,2
11566,4,6
11566,5,4
12658,2,2
12658,3,7
12658,7,2
12446,1,3
12446,5,1
11491,9,2
11491,6,3
13244,9,2
13244,8,2
13244,5,8
11988,8,1
11988,2,2
11988,3,4
11988,7,3
11988,5,2
11756,7,1
11665,3,1
11665,5,1
11974,1,1
11974,8,5
11974,4,4
11799,4,1
11799,7,6
10152,1,5
10152,2,5
11983,4,3
11983,6,3
11983,5,2
12104,8,1
12369,2,1
12369,7,5
12369,5,1
11931,9,2
11931,7,2
11931,5,1
10146,9,2
10146,3,5
10146,6,3
10146,7,8
11319,1,3
11319,9,4
11319,8,2
11319,4,1
11319,3,4
11772,9,6
10236,1,1
10236,8,1
12604,1,2
12604,9,4
12604,8,4
12604,4,1
12905,4,5
12905,3,4
12905,5,2
10272,1,4
10565,9,3
10565,6,2
10565,7,4
12880,1,2
12880,9,3
12880,6,1
13025,9,1
13025,3,5
13025,6,1
12092,9,4
12092,8,3
12092,3,3
12092,5,2
13319,1,3
13319,3,5
13319,6,2
13319,7,5
10233,9,6
10233,7,2
12644,8,3
12644,2,2
12644,6,4
12644,7,3
11581,9,2
11581,2,4
13114,9,2
12841,8,8
12841,3,1
12841,7,4
11876,9,1
11876,7,3
11876,5,3
10395,9,3
10395,4,6
10395,7,6
10395,5,1
10657,1,1
10657,9,2
10657,8,3
10657,6,1
10488,2,8
10488,5,5
12019,3,4
12743,9,2
12743,8,2
12743,4,6
12743,2,1
12743,3,1
12743,5,4
12913,1,1
12913,2,2
12913,6,4
12913,7,2
12913,5,3
11238,1,1
11238,9,4
11238,4,1
11238,2,1
11238,6,5
13177,9,2
13177,4,1
13177,3,1
13177,6,1
13177,7,2
13177,5,3
11828,9,4
11828,4,2
11828,3,2
11828,6,3
13291,3,4
13291,7,2
11689,1,2
11689,9,2
12621,9,4
12621,4,2
12621,2,1
12621,3,3
12621,6,1
12296,9,1
12296,3,5
12296,7,2
12616,8,1
12616,4,7
12616,6,1
11540,1,1
11540,9,1
11540,8,2
11637,1,2
11637,4,2
11637,3,1
11175,2,4
11732,4,1
11732,6,1
11732,5,3
10057,1,4
10057,8,2
10057,7,1
10312,1,2
10312,9,2
10312,4,1
10312,7,5
10312,5,4
10945,8,1
10945,4,2
12317,9,1
12317,4,5
10508,2,4
10508,3,2
10508,5,3
11231,8,4
12765,9,8
12765,6,2
12765,7,5
12293,1,1
12293,4,4
12293,2,3
12293,6,1
13100,8,1
13100,4,3
13100,6,1
13100,7,2
10763,9,2
10763,2,5
10763,5,2
10027,9,1
10027,2,2
12367,9,1
12367,8,5
12367,2,1
10478,2,4
10478,6,1
10478,7,3
13080,8,3
13080,4,4
13080,7,1
12981,8,2
12981,6,2
12981,7,2
10039,8,2
10039,4,1
10039,6,1
10277,1,6
10277,9,3
10277,4,3
10277,2,5
10769,9,4
10769,8,3
10769,4,1
10769,6,4
10769,5,2
10733,9,3
10733,8,3
10733,2,1
10733,3,1
10733,6,3
11529,9,1
12494,1,2
12494,9,2
12494,8,5
12494,4,4
12494,3,3
12494,6,1
13251,9,3
13251,4,1
13251,6,4
13251,5,8
10055,1,5
10055,9,3
10055,8,1
10055,6,2
10055,7,5
13090,1,3
13090,4,2
13090,3,3
13090,6,3
12371,4,3
12371,5,2
10451,2,2
10451,6,1
12871,9,1
12871,3,6
12871,6,3
12871,7,5
12871,5,2
13374,4,3
11374,1,3
11374,9,4
11374,2,4
11374,6,3
11374,5,4
11450,1,1
11450,9,1
11450,8,2
11450,7,5
11029,1,1
11029,9,2
11029,8,2
11029,2,7
10259,1,1
10259,8,2
10259,7,4
10396,4,2
10396,2,4
10396,3,2
10396,6,1
10396,7,5
11169,1,4
11169,8,4
11169,2,2
11169,3,1
11169,5,1
12309,2,1
12309,3,5
12309,7,7
10815,9,3
10815,8,3
10815,4,4
10815,3,5
10815,5,8
12452,1,4
12452,9,1
12452,8,5
12452,3,5
12452,7,6
12396,6,5
12396,7,1
12396,5,1
11041,1,3
11041,9,5
11041,5,1
10063,9,1
10063,6,2
10063,7,1
11209,9,2
11209,3,6
11209,7,3
10274,1,3
10274,9,3
10274,4,4
10274,2,3
10274,3,4
10274,7,4
12479,1,4
12479,4,1
12479,2,5
12479,6,2
12901,1,3
12901,2,3
12901,6,3
12901,7,4
10040,4,6
10040,2,1
10040,7,2
10040,5,2
13299,9,1
13299,4,5
13299,7,1
13299,5,4
10084,1,3
10084,9,3
10084,4,4
10084,7,1
12439,1,4
12439,6,3
12439,7,4
11340,1,4
11340,2,1
11340,3,4
11340,6,2
11340,5,3
10174,9,1
10174,4,2
10174,3,2
10174,7,2
10174,5,1
11497,1,3
11497,9,2
11497,8,4
11497,4,6
11497,7,1
11497,5,4
12270,1,2
12270,7,2
12270,5,1
10072,4,1
10072,2,1
10072,3,1
10072,5,3
10379,1,4
10379,9,9
10379,4,1
10379,2,2
12406,1,1
12406,4,6
12406,2,5
10358,1,2
10358,8,3
10358,2,2
10358,6,2
11582,1,3
11582,3,4
11582,5,2
13229,9,2
13229,3,1
13229,6,1
10455,8,1
10455,3,1
10455,6,4
11109,1,3
11109,2,8
12160,1,2
12160,4,7
12160,5,7
10310,1,1
10310,2,2
10310,6,4
11588,1,2
11588,9,9
11588,8,3
12258,1,2
12258,9,3
12258,6,1
13165,2,7
13165,3,5
13165,5,4
12760,1,5
12760,3,5
12050,1,2
12050,8,2
12050,2,3
12050,5,5
10713,1,1
10713,4,2
10713,2,5
10074,3,3
10074,6,1
10074,7,1
13207,9,3
13207,2,3
13207,3,2
11634,8,8
11634,2,4
10755,4,1
10755,6,5
10809,9,1
10809,4,3
10809,7,1
12040,8,1
12040,4,5
12040,2,3
12040,7,3
12040,5,5
13127,1,5
11463,6,2
11721,8,2
11721,4,1
11721,2,3
11721,7,2
12173,9,2
12173,3,3
12579,2,1
12579,7,2
12048,1,5
12048,9,7
11523,8,3
11523,4,3
12888,1,2
12888,8,5
12888,4,1
12888,3,5
12888,5,2
10158,1,1
10158,8,3
10158,4,2
10158,2,2
10158,3,5
11425,8,1
11425,4,4
11425,2,1
10550,4,3
10550,7,6
10550,5,2
11347,1,3
11347,9,3
11347,8,4
10859,1,6
10859,8,5
10859,2,1
10859,7,6
12873,8,3
12873,2,4
12873,5,3
11301,8,4
11301,6,2
13333,1,2
13333,8,3
13333,4,3
13333,3,6
13333,5,4
11925,1,2
11925,8,3
11925,2,3
10360,1,3
10360,8,2
10360,7,4
12134,8,5
12134,2,1
12134,3,5
12134,5,3
11768,2,3
11768,3,3
11768,6,2
11768,5,1
11818,2,4
11670,4,3
11670,2,3
13139,1,2
13139,6,2
10431,1,1
10431,8,4
10431,5,4
13003,1,2
10293,4,3
10293,7,1
10293,5,2
12378,9,4
12378,3,4
10118,5,1
13043,4,4
13043,2,3
13043,3,3
13043,5,10
11510,1,1
11510,6,1
11510,5,3
10252,8,1
10252,6,2
12502,1,2
12502,8,4
12502,4,4
12502,2,2
12351,1,3
12351,2,2
11773,9,4
11773,8,1
11773,4,2
11773,3,3
11773,6,4
11773,7,1
13012,8,3
13012,3,1
13012,6,1
11706,7,4
11191,9,2
11191,8,6
11191,4,3
11613,2,3
11613,6,1
11613,7,4
11063,4,1
11063,6,5
11063,5,2
12338,8,6
12338,6,3
10305,6,6
12401,6,1
12401,5,2
11786,3,8
11786,7,2
11786,5,2
10598,1,1
10598,4,2
10598,6,3
10598,7,2
12862,9,3
12862,8,5
12862,2,5
12862,7,4
10605,9,2
10605,2,1
10605,3,3
10613,9,1
10613,8,1
10613,4,1
10613,2,1
10613,3,3
10613,6,1
10613,5,5
10641,4,5
10641,6,2
12284,9,2
12284,8,5
12284,2,7
12284,7,2
12284,5,4
11652,9,3
11652,7,4
11652,5,6
12261,1,5
12261,9,3
12261,4,2
12261,7,1
12799,8,1
11477,1,2
12265,5,4
12640,9,1
12640,2,5
12591,8,3
12591,4,1
12591,2,2
12591,3,1
12591,7,2
12591,5,2
11542,9,1
11542,4,1
11542,2,3
11542,3,2
11542,5,3
11270,9,2
11270,4,2
11554,4,7
10075,1,4
10075,4,2
10075,3,3
10075,7,6
13210,4,2
13210,2,1
11501,9,6
11501,4,3
11501,2,4
11501,3,3
11501,6,4
11501,5,8
10473,8,3
10473,6,3
10473,5,2
12222,8,1
12222,3,1
12222,6,1
11976,9,1
11976,8,3
11976,4,1
11976,2,3
11976,3,2
12044,9,1
12542,9,1
12542,4,5
12542,3,3
13275,1,3
13275,8,1
13275,4,1
13275,2,6
13275,3,1
10843,4,3
10843,2,7
10843,6,3
10843,5,3
10255,9,1
10255,4,4
12150,1,4
12150,9,3
12150,4,1
12150,2,4
12150,7,1
11579,2,4
11579,7,3
11579,5,5
10466,9,5
10466,6,1
10466,5,2
10697,8,1
10697,7,3
10253,1,1
10253,9,6
10253,3,5
10212,1,1
10212,4,3
10212,2,4
10212,5,4
13196,9,1
13196,4,4
13196,3,5
13196,7,1
13196,5,1
11905,2,3
11905,3,5
11905,7,1
11268,1,1
11268,9,2
11268,7,1
10407,9,5
10407,4,1
10407,6,4
13250,4,2
13250,5,8
13075,1,3
13075,9,1
13075,8,4
13075,7,1
13075,5,6
11841,4,3
11841,2,2
11841,5,3
11373,2,5
11373,3,1
13035,2,3
13035,3,2
13035,5,3
11969,9,1
11969,7,6
10100,1,1
10100,8,1
10100,3,2
10100,7,4
10100,5,1
11407,3,2
12674,1,2
12674,9,5
12674,6,3
12674,7,5
12969,8,5
12969,3,4
12969,7,1
12112,1,1
12112,9,6
12112,3,1
12112,5,4
10034,9,2
10034,8,4
10034,2,1
10034,3,6
12438,1,3
12438,9,2
12438,2,3
10001,9,6
10001,8,5
10001,2,2
10001,5,2
11685,4,3
13095,1,3
13095,8,3
13095,4,4
13095,3,4
13095,6,1
13095,5,2
11649,6,1
11649,5,4
12594,3,1
12594,6,1
12374,9,3
12374,2,4
12374,6,3
11798,6,3
11798,5,3
11414,1,1
11414,8,3
11414,3,4
11414,6,3
12868,2,4
13334,8,2
13334,3,3
13334,6,2
12848,9,8
12848,2,2
12848,3,7
12848,7,2
12561,1,2
12561,9,5
12561,6,1
12561,5,1
13283,2,3
13283,3,2
13283,7,4
13283,5,1
12350,9,1
12350,4,4
12350,7,4
12350,5,3
13087,1,2
13087,5,2
12537,5,4
10661,8,3
10661,7,5
13296,9,2
13296,8,1
13296,2,1
12894,1,5
12894,2,2
12894,3,5
11837,1,2
11837,4,4
11837,7,3
10307,1,2
10307,8,9
10307,2,2
10307,6,5
10004,8,3
10004,3,4
12236,1,4
12625,2,4
12625,5,2
11043,1,6
11043,8,3
11043,6,1
11043,5,4
12347,4,6
12347,7,2
11813,1,1
11796,1,3
11796,9,5
11796,4,4
11796,3,4
11796,6,1
11750,1,6
11750,7,4
11750,5,8
12487,8,3
12487,2,2
12487,6,2
12487,5,5
12359,1,3
12359,4,6
12521,9,3
12521,6,2
12436,1,5
12699,9,4
12699,8,1
12699,7,1
11328,7,4
13235,2,5
13235,7,5
11536,8,2
12334,8,5
12334,4,2
12334,3,4
12334,7,3
12334,5,2
12551,1,3
12551,8,2
12551,4,2
12551,7,4
10981,1,1
10981,7,1
10981,5,1
12930,4,1
12930,3,1
12930,7,1
12930,5,4
10871,1,1
10871,9,3
10871,8,4
10871,4,1
10871,3,1
10457,9,2
10457,7,5
10457,5,6
12505,1,1
12505,9,5
12505,4,7
12505,2,3
12505,6,2
11658,2,1
11658,7,2
11658,5,3
12704,1,2
12704,2,5
12704,6,1
12624,9,1
12624,4,2
12624,2,3
12248,1,3
12248,8,4
12248,4,6
12248,3,3
12248,7,5
11179,1,2
11179,4,1
11179,6,3
11179,5,1
11765,8,2
11765,4,3
11765,6,1
11765,5,1
10258,1,2
10258,9,3
10258,6,2
10258,7,3
13264,1,2
13264,8,3
13264,4,1
13264,2,2
13264,7,2
11666,6,3
11666,5,2
10280,9,6
10837,3,4
10837,7,4
10837,5,3
12575,9,6
12575,2,8
12575,3,3
12575,6,1
12281,9,1
12281,2,1
12281,5,2
13074,4,3
11715,9,3
11715,2,7
11715,3,2
12245,1,2
12245,2,5
12245,5,5
10446,9,2
10446,8,4
10446,4,2
10446,6,2
12442,8,3
12442,4,1
12442,5,1
12700,8,3
12700,2,4
12700,3,1
12700,5,3
10693,3,3
13308,9,1
13308,7,2
11979,1,3
11979,2,3
11979,7,2
11979,5,2
13318,9,2
13318,8,3
13318,2,1
12988,1,3
12988,6,1
11248,1,4
11248,3,5
10418,1,1
10418,4,1
10418,2,1
12311,1,1
12311,8,2
12311,3,5
12311,5,5
10861,8,3
10861,2,4
10861,7,3
10861,5,6
13208,9,8
13208,8,3
13208,3,1
13208,6,1
12251,1,3
12251,4,1
12251,2,5
12251,3,1
11520,3,4
11520,7,6
12798,4,3
12798,2,5
12798,3,3
12355,1,2
12355,9,4
12355,3,4
12355,6,3
12355,7,1
12355,5,3
13339,9,5
13339,3,3
11505,9,5
11505,2,3
11505,7,2
12728,1,4
12728,4,6
12728,2,2
12728,5,4
13354,9,1
13354,8,2
13354,4,3
13354,7,5
13354,5,4
10221,3,2
13174,7,5
11825,1,4
11825,8,2
11825,2,1
12195,3,6
12195,5,4
11288,8,1
11288,3,1
11288,5,5
10520,8,3
10520,5,3
11776,1,4
11776,9,3
11776,8,2
11776,3,4
11776,6,1
11776,7,5
10497,2,7
10497,6,1
10497,7,3
11745,3,1
11679,1,2
11679,9,3
11679,4,2
11679,7,6
11679,5,3
11622,1,5
11622,4,5
11622,6,2
11622,7,2
11622,5,5
13088,1,3
13088,3,3
13088,5,5
11787,9,2
11787,8,4
11787,2,4
12706,1,3
12706,8,6
12706,4,4
12706,3,3
13220,1,5
12711,4,3
12810,1,2
12810,8,4
11951,1,5
11951,9,3
11951,2,2
11951,3,2
11951,5,5
13131,4,2
13131,3,2
10183,9,3
12142,8,3
12142,4,5
12142,7,1
12142,5,2
12491,1,4
12491,9,5
12491,8,3
12491,4,5
12491,3,4
12491,6,1
12491,7,2
12172,9,3
12172,8,4
12172,4,4
12172,2,2
12172,6,4
12172,5,7
11432,3,4
11432,7,1
12016,1,2
12016,9,5
12016,2,5
12016,5,1
10987,9,5
10987,4,2
10987,5,2
10148,4,2
10148,6,3
10148,7,4
10148,5,4
11213,9,6
11213,3,3
11213,6,3
11435,8,1
11435,5,3
12060,9,3
12060,2,3
11430,1,1
11430,9,3
11430,7,3
11430,5,6
12492,8,2
12492,7,2
12215,4,1
12215,6,1
12215,5,1
11748,8,5
11748,3,5
11748,7,5
13112,6,4
13112,7,6
13112,5,1
13297,1,3
13297,9,2
13297,2,2
13297,5,2
10420,1,2
10420,9,6
12721,1,3
12721,8,2
12721,3,3
12721,7,2
12721,5,1
12939,4,2
12939,2,3
12939,7,3
12939,5,3
12062,1,2
12062,9,2
12062,8,2
12062,2,2
11404,8,7
11404,7,4
11404,5,3
11887,1,5
11887,8,1
11926,4,3
11926,6,1
10370,9,5
10370,8,4
10370,6,1
10370,7,5
10370,5,3
12639,9,4
12639,4,1
12639,2,1
13146,9,6
13146,8,2
13146,4,1
13146,2,1
13146,6,4
12934,8,4
12934,4,4
12934,2,1
12934,7,1
12746,9,3
12746,7,1
10592,1,3
10592,8,2
10592,2,2
10592,3,7
10592,7,2
10592,5,3
11989,8,3
11989,4,1
11222,9,3
11222,4,3
11155,2,3
11155,5,1
11254,1,1
11254,4,4
11254,2,1
11254,6,1
13038,4,1
13038,7,2
10132,8,1
10132,3,1
10132,7,1
12919,1,3
12919,4,1
12919,7,5
12919,5,7
11479,9,4
12440,9,5
12440,6,3
12440,5,3
11816,9,3
11816,5,2
11264,1,6
11264,9,1
11264,4,2
10166,1,3
12419,1,2
12419,9,3
12419,8,4
12419,4,2
12419,2,1
12419,3,3
12419,5,2
12283,9,2
12283,3,5
12283,6,2
12529,1,2
12529,4,4
12529,6,1
12529,5,7
12466,8,3
12466,4,2
12466,2,7
12466,7,2
12466,5,2
11654,4,6
11654,3,7
11654,5,7
12748,1,3
12748,9,3
12748,4,3
12748,7,1
10544,1,3
10544,2,1
10114,1,4
10114,4,3
10114,2,1
12124,1,2
12124,4,5
12124,5,2
12483,1,1
12483,4,2
12483,3,3
12483,6,2
12816,1,1
12816,9,3
12816,8,2
12816,2,4
12816,3,3
12816,7,3
11863,9,1
11945,1,1
11945,4,3
11945,3,3
11945,7,6
11309,4,5
11309,2,3
11309,3,3
11767,9,3
11767,4,5
11767,3,3
11767,5,2
12411,8,1
12161,4,4
12161,6,1
12161,7,1
13107,4,4
13107,3,1
10563,9,3
10563,2,2
10563,5,7
12292,9,2
12292,7,5
13113,7,3
11949,1,4
11949,9,3
13032,9,6
13032,8,2
13065,4,6
13065,6,1
13065,7,3
10203,1,1
10203,8,3
10203,3,3
13242,1,5
13242,9,2
13242,2,4
13242,7,5
10419,1,5
10419,2,2
10419,7,4
10419,5,4
13029,1,1
13029,9,1
13029,2,2
13029,7,6
12876,9,1
12876,3,2
12876,5,2
11391,9,4
11391,8,2
11391,5,7
10297,1,1
10297,4,1
10297,3,3
10297,7,4
13120,1,1
13120,8,2
13120,6,3
13120,7,4
11570,4,1
11570,7,2
13048,1,3
13048,9,2
13048,7,4
11928,1,1
11928,8,5
11928,4,3
11527,1,3
11527,9,3
11527,8,2
11527,2,5
11527,6,1
11858,7,4
13164,1,1
13164,9,5
13164,4,3
13164,3,5
13164,6,4
13164,5,5
12181,9,1
12181,8,3
12181,6,1
10385,8,2
10385,2,3
10385,3,3
10385,7,2
10160,1,2
10160,9,1
10160,4,2
10160,3,5
10160,5,2
10502,9,2
10502,4,4
10502,6,5
12943,3,4
11941,1,1
11941,9,5
11941,2,6
10348,1,5
10348,2,3
10348,6,1
10348,5,1
10677,9,1
12740,8,2
12740,6,4
13069,3,1
12698,1,7
12698,9,3
12698,2,2
10234,1,3
10234,5,7
11332,1,2
11332,8,1
11332,4,3
11332,5,2
10326,1,1
10326,4,1
10326,2,1
10326,6,1
10326,7,2
11533,1,4
11533,2,1
12633,8,2
12633,2,7
12633,6,1
10783,9,1
10783,8,1
10783,4,1
10783,3,6
10783,7,7
11942,3,2
11942,7,1
11942,5,2
12303,8,4
12303,4,5
12303,3,1
12303,5,4
11528,1,5
11528,4,5
11528,3,3
11528,6,2
11528,5,5
13117,1,2
13117,8,3
13117,4,1
13117,5,8
10767,8,2
10767,3,2
10767,6,1
10767,5,2
12820,6,2
12820,7,5
13284,9,1
13284,2,4
13284,3,2
13284,7,2
13284,5,3
12578,1,6
12578,9,3
12578,4,4
12578,6,2
13028,1,4
13028,6,2
13028,5,2
13111,9,4
13111,8,5
13111,4,3
13111,6,2
13111,5,3
12603,4,5
12603,3,3
12603,7,4
12603,5,3
11243,4,3
11243,2,3
11243,3,5
11243,6,2
11243,5,5
11405,3,5
11405,7,2
12139,1,3
12139,2,3
11720,4,4
10586,8,3
10586,5,1
10731,1,1
10731,8,4
10731,4,2
10731,6,1
11814,8,3
11814,3,2
11814,7,6
11814,5,7
11424,4,2
11424,6,3
11424,5,3
12444,1,4
12444,2,2
12444,7,2
12444,5,2
10879,7,7
12022,1,4
12022,9,3
12022,8,6
12022,3,6
12022,6,2
12022,7,4
11938,2,5
12027,9,1
12027,8,5
12027,4,2
12027,7,6
12879,1,3
12879,4,3
12879,7,2
12879,5,1
10022,1,2
10022,9,1
10022,4,2
10022,7,3
10669,9,3
10669,8,4
10669,4,5
10669,3,2
10669,6,5
10669,5,4
13238,1,2
13238,7,3
10581,2,5
12216,2,3
12216,7,2
13301,1,6
13301,3,5
13301,5,7
12855,1,5
12474,8,1
12474,4,2
12474,6,1
12474,7,2
12474,5,1
10611,9,5
10611,8,5
10611,2,4
10611,5,1
13295,1,3
13295,6,2
10503,3,3
10443,4,4
10443,5,1
10821,1,2
10821,9,1
10821,5,3
13063,3,2
13063,5,4
10805,4,4
10805,3,1
10805,6,2
11849,9,3
11849,8,2
11849,2,5
12646,3,2
12646,7,1
12646,5,1
11133,7,2
11370,9,7
11370,2,4
11370,6,1
12695,1,2
12695,2,6
12695,6,2
12641,1,2
12641,4,4
12641,3,1
12641,5,2
12324,9,5
12324,4,2
11860,1,7
11860,8,2
11860,4,4
11860,2,6
13335,4,1
12414,1,1
12414,8,4
12414,7,5
12414,5,2
12661,8,4
12661,3,5
12661,7,4
11585,1,2
11585,9,7
11585,8,1
11585,5,2
11396,8,1
11396,3,3
10469,1,1
10469,9,1
10469,2,1
10469,6,2
10469,5,3
12823,9,6
12823,4,3
12823,3,3
12823,5,3
12009,1,3
12009,3,6
12009,6,3
12009,7,5
12009,5,4
12957,9,4
12957,8,3
12957,4,1
12957,2,6
12957,7,5
12957,5,3
12008,4,3
12008,2,4
12008,7,2
10168,8,7
10168,4,3
10168,6,4
10168,7,3
13366,9,2
13366,4,4
13366,2,5
13366,5,5
11875,6,1
11875,5,3
11295,4,3
11295,2,1
11295,5,4
10887,9,1
10887,2,3
13161,1,3
13161,8,1
13161,3,1
13161,5,1
11574,1,2
11574,8,1
11574,5,1
12859,8,3
12859,6,4
10475,1,1
10475,8,3
11991,1,5
11991,9,2
11991,6,3
11991,5,2
10529,8,2
10529,4,4
10529,2,1
11257,9,2
11257,7,3
11257,5,1
13018,1,4
13018,8,3
13018,3,2
11972,8,10
11972,4,1
11972,2,3
11972,5,2
11141,9,3
11141,4,2
11141,6,2
11141,5,3
12723,9,1
12723,3,4
12723,7,5
12723,5,6
13331,9,2
13331,4,7
13331,7,2
13281,9,6
13281,4,4
13281,3,1
13281,7,2
12902,9,4
12902,4,5
12902,6,2
12902,7,6
12902,5,3
10415,1,5
10415,8,1
12606,9,2
12606,4,5
12606,2,2
12606,6,4
12606,7,3
12606,5,2
11312,9,2
11312,4,3
11312,3,4
11312,7,1
12221,8,2
12221,2,1
12255,2,1
12255,7,3
13183,2,3
13183,3,4
13183,5,7
11897,6,3
11897,5,5
13332,4,1
13332,5,4
10883,1,5
10883,8,4
10883,3,1
10883,7,4
10883,5,2
11760,8,2
11760,3,5
11760,6,3
11195,1,1
11195,9,4
11195,8,1
11195,4,3
11195,7,2
10033,5,5
11651,1,3
11651,4,3
11651,6,1
11067,4,2
11067,3,2
11067,7,3
13052,1,1
13052,9,3
13052,4,3
13052,3,5
11804,1,5
11804,5,1
12064,9,2
12064,8,3
12064,6,2
10092,9,4
10092,2,2
10092,5,2
13221,1,2
13221,8,1
13221,6,1
12157,8,2
13285,6,1
12846,8,2
12846,7,4
12846,5,4
10120,9,1
10120,4,3
10120,5,3
11287,1,2
11287,2,4
11734,9,3
11734,8,5
11734,2,3
11734,5,1
11480,2,2
11480,3,5
10284,9,4
10284,8,3
10284,4,1
10284,2,2
10284,3,4
12909,5,4
12170,8,2
12170,3,2
12039,9,5
12039,4,3
12039,3,3
12039,6,3
12039,7,2
11724,4,3
11724,5,3
10847,8,2
12127,1,3
12127,9,2
12127,5,3
12189,1,1
12920,8,1
12920,5,2
12937,1,1
12937,4,4
12937,7,4
12937,5,3
11389,3,6
11389,6,6
11389,7,3
11967,9,1
11967,8,3
11967,4,5
11967,5,3
12399,8,5
12399,4,7
12399,2,3
12399,3,1
11771,1,3
11771,7,2
10196,8,1
10196,7,3
10196,5,1
12244,1,5
12244,7,6
12244,5,2
12102,1,6
12102,8,1
12102,4,3
12102,7,2
13106,1,1
13106,9,6
13106,8,7
13106,4,6
13106,6,2
10526,9,5
10526,8,2
10526,2,3
10526,7,1
10997,8,6
10997,6,1
10453,2,1
10453,6,2
10453,7,5
13348,9,1
13348,4,2
11702,9,4
11702,8,1
11702,4,1
11702,2,1
11702,3,1
11702,5,4
12817,8,4
12817,2,3
12942,1,2
12942,4,3
12942,6,3
11276,2,1
11276,7,1
11276,5,4
10727,1,4
10727,8,2
10727,6,3
10727,5,3
11987,9,3
11987,3,2
11987,7,2
12199,1,1
12199,4,1
12199,2,2
12199,3,5
12199,7,5
12425,9,5
12425,4,2
10078,9,2
10078,8,3
10078,4,7
10078,2,1
11049,9,6
11049,6,4
11049,7,2
11049,5,3
11795,1,2
11795,8,1
11795,3,4
11795,5,1
11906,8,5
11906,4,5
11906,2,5
11906,7,1
10315,4,5
10315,2,2
10765,9,4
10765,4,2
10765,6,1
10765,5,1
10574,4,2
10574,5,1
11612,9,4
11612,4,1
11612,2,3
11612,3,4
13091,9,3
13091,8,3
11541,1,1
11541,4,1
11541,2,2
11541,3,3
11661,2,4
10735,2,2
10735,5,3
10440,9,1
10440,6,3
12457,8,2
12457,4,4
12457,7,3
11965,1,6
11965,9,2
11965,4,7
11965,2,2
11965,6,4
11965,7,1
11965,5,2
11784,8,4
11784,3,2
11784,6,1
11784,5,1
13049,1,2
13049,2,5
13049,3,2
13049,6,3
13049,7,2
12034,6,2
12034,7,4
13005,1,2
13005,9,2
13005,8,3
13005,4,4
13005,2,3
13005,5,3
12867,1,2
12867,9,4
10320,6,2
